ActualFlightTime	ActualTotalFuel	ActualTOW	FlownPassengers	BagsCount	FlightBagsWeight
64	2720	58447.0	127.0		
69	2940	62836.0	161.0		
117	5397	67498.0	185.0		
109	4920	66573.0	180.0		
172	7043	67752.0	177.0		
32	1460	58973.0	151.0		
144	6195	67934.0	187.0		
202	8984	71834.0	175.0	141.0	
102	4644	65612.0	176.0		
70	2940		142.0	57.0	750.0
62	2860	64886.0	187.0		
82	3860	67553.0	184.0		
157	6250	66501.0	178.0		
171	7340	68696.0	184.0		
93	3660	63290.0	162.0		
40	1820				
113	2870				
55	2150	48633.0			
45	2370	64306.0	163.0		
23	990	49739.0			
50	2476	61639.0	157.0		
112	4911	64251.0	161.0		
139	5380	65013.0	167.0	87.0	
91	3900	65957.0	179.0		
79	3637	64233.0	175.0		
101	4120	63997.0	173.0		
122	5520	66464.0	176.0		
174	7310	68260.0	185.0		
98	4040	65757.0	183.0		
179	7800	70528.0	177.0		
111	4940		173.0	33.0	430.0
79	3750	66047.0	174.0	45.0	
256	11111	72977.0	181.0		
130	5383	66156.0	170.0		
74	2920	60496.0	137.0		
147	6230	67752.0	180.0	123.0	
78	3880	67789.0	189.0		
81	3310	60097.0	146.0		
94	3107	65612.0	184.0	47.0	
61	2644	59081.0	136.0		
117	4880	65195.0	176.0		
55	2380	63272.0	172.0		
56	2317	61676.0	159.0		
46	2300	65703.0	182.0		
64	2890	63163.0	164.0		
38	1560	60805.0	163.0	56.0	
108	4712	66065.0	181.0		
80	3600	65195.0	171.0		
88	3881	63526.0	166.0		41.0
116	5106	65739.0	171.0	65.0	
163	7064	68315.0	183.0		
97	4145	62945.0	159.0		42.0
80	3710		161.0	90.0	
77	3451	64342.0	181.0		
132	6030	69276.0	173.0		
147	5995	65866.0	173.0		
61	2860	64904.0	185.0		
54	2380	60714.0	160.0		
76	3528	64052.0	165.0		
166	7360		172.0	99.0	1280.0
117	5060		169.0	49.0	640.0
79	3743	64106.0	176.0		
107	4360	63889.0	170.0	21.0	
104	4460	65322.0	174.0		
135	5940	68079.0	177.0		
112	4990	64759.0	158.0		
46	1990	50519.0			
79	3280		180.0	23.0	300.0
231	8095	55181.0			
48	2540	62764.0	175.0		
111	4880	66047.0	166.0		
62	2860	63580.0	160.0		
57	2616	61748.0	167.0		
33	1550	56633.0	111.0		
58	2660	64923.0	185.0		
186	7840	70111.0	187.0	131.0	
146	6620	70256.0	182.0		
204	8900	71272.0	181.0		
87	3890		182.0	119.0	1549.0
142	5920	66628.0	182.0		
131	5590	68569.0	187.0		
60	2640	63145.0	168.0		
30	1538	60732.0	158.0		
83	3970	62165.0	122.0		
87	3780	62982.0	156.0		
73	3280		180.0	64.0	917.0
56	2500	62165.0	159.0		
123	5390		166.0	32.0	420.0
216	7860				
13	600	47907.0			
116	5100	66537.0	178.0		
163	7116	69058.0	175.0	71.0	
137	6149	66737.0	182.0		
63	2530	61567.0	168.0		
43	1810		161.0	29.0	380.0
139	6172	66501.0	172.0		
62	2680	61839.0	172.0		
134	5490	63743.0	151.0		
125	5200	65866.0	170.0		
133	5850	66718.0	170.0		55.0
159	6834	67045.0	174.0		
237	10730	73267.0	179.0		
93	3720	59952.0	116.0		
64	3311	66610.0	174.0		
119	5020	65648.0	177.0		
93	3830	63725.0	163.0		
161	6884	68678.0	179.0		
125	5340	64397.0	163.0	83.0	
82	3710	64904.0	177.0		
225	9870	71598.0	180.0	80.0	
178	8064	69022.0	183.0		49.0
152	6280	67644.0	174.0		
72	3500	65648.0	174.0		
138	6040	67952.0	176.0	96.0	
35	1470	45531.0			
109	4760	64959.0	175.0		
94	4263	66084.0			
61	2636	61839.0	161.0		
59	2560	63471.0	182.0		
176	7175	68442.0	176.0		
86	3630	64433.0	181.0		
32	1660	59753.0	149.0		
132	5791	67263.0	186.0		
62	2460	62746.0	174.0		
60	2766	63290.0	166.0		
150	6580	66882.0	172.0		
39	1700	60061.0	142.0		
349	14907	74283.0	187.0		
144	5900	64977.0	167.0		
94	4439	65757.0	172.0		
119	5450	67281.0	176.0		
43	1780	59843.0	149.0		
143	6209	65993.0	163.0		
62	2990	64251.0	172.0		
64	2750	63399.0	180.0		
13	700	47944.0			
150	6508	67553.0	176.0	80.0	
206	9165	71018.0	179.0		
62	2700	64397.0	180.0		
130	4640	57376.0	92.0		
143	6250	66900.0	164.0		
114	4940	64832.0	167.0		
128	5060	65140.0	171.0		
81	3569	63943.0	183.0		
195	7890	68551.0	187.0		
167	7269	68823.0	188.0		
100	4310	64306.0	169.0		
69	3189	64233.0	181.0		
129	5830	68750.0	189.0		
141	5890	67136.0	174.0		
149	6400	68405.0	187.0		
139	5728	64868.0	158.0		
78	3430	63580.0	160.0		
120	4939	64596.0	158.0		
101	4640	66410.0	170.0		
81	3570	64705.0	169.0		
77	3520	63798.0	174.0		
154	6376	66464.0	170.0		33.0
120	5170	66211.0	184.0		
125	2950				
54	1964	47309.0			
71	3080		140.0	9.0	117.0
19	1045	48343.0			
51	2499	63780.0	174.0		
118	4660	64723.0	170.0		
67	2970	63762.0	178.0		
161	6270	66319.0	173.0		
50	2330	64777.0	173.0		
130	5580	66845.0	180.0		
225	9850	72560.0	182.0		
113	5010	69131.0	181.0	80.0	
49	2260	62782.0	167.0		
71	2989	63635.0	171.0		
158	6444	66827.0	167.0		
172	6463	63072.0	121.0		
89	3600	63526.0	169.0		
74	3490		168.0	73.0	950.0
80	3630		164.0	46.0	590.0
126	5470		178.0		
58	5796	59644.0			
14	700	47472.0			
102	4500		169.0	45.0	590.0
155	6740				
41	1730		177.0	53.0	689.0
78	3580	66319.0	186.0		
67	2870	62583.0	174.0		
63	2503	47544.0			
71	2450	47998.0			
52	2180	62456.0	170.0		
107	4722	64143.0	160.0		
182	7910	70383.0	186.0	116.0	
161	6260	64868.0	153.0		
121	5000		175.0		
136	5750	66972.0	187.0		
115	5100	64977.0	174.0		
219	9297	70782.0	183.0		1677.0
53	2160	61730.0	172.0		
109	4680	65757.0	175.0		
162	7410		186.0	140.0	1820.0
171	7633	69766.0	180.0		
62	3260	62782.0	150.0		
161	7508	69784.0	188.0		
106	4310		111.0	31.0	400.0
84	3590	64070.0	165.0		
26	1360		169.0	21.0	270.0
147	6370	67063.0	178.0		
62	2810	62782.0	172.0		
57	2470	61694.0	165.0		
38	1730	58410.0	134.0		
124	5550	66918.0	184.0		
239	10440	72705.0	183.0		
167	7482	69421.0	177.0		
89	4250	65031.0	158.0		
57	2600	62437.0	169.0		
36	1630	58719.0	146.0		
159	6667	68424.0	185.0		
161	7089	69149.0	181.0		
50	2240		166.0	16.0	210.0
164	7097	68260.0	176.0		
80	3770	66392.0	175.0		
180	8100	67970.0	164.0		
172	7676	69476.0	176.0		
93	4158	65249.0	183.0		
60	2750	63743.0	161.0		
75	3330	62746.0	170.0		
71	3353	66374.0	181.0		
122	4964		160.0		
76	3650	67517.0	183.0		
120	5265	65304.0	174.0		
88	3900	65594.0	183.0		
66	2820		177.0	37.0	480.0
61	2930	62873.0	171.0		
77	3410	64288.0	174.0	44.0	
113	5102	65031.0	156.0		
233	10181	72197.0	188.0		
88	3660	63054.0	159.0		
155	6380	67861.0	180.0		
106	4520	64759.0	171.0		
81	3533	64832.0	185.0		
107	4740	64904.0	171.0		
164	7120	68714.0	178.0		
114	4940		179.0	83.0	1080.0
100	4643	65449.0	181.0		
38	2200		168.0	27.0	350.0
138	5959	66773.0	177.0		
151	6220	68823.0	184.0	109.0	
75	3230		167.0	42.0	550.0
97	4317	65195.0	169.0		
58	2710	62945.0	171.0		
64	2911	62038.0	168.0		
45	2300	63616.0	152.0		
62	2610	63453.0	172.0		
160	6420		171.0	53.0	690.0
156	6779	67843.0	184.0		
160	7120	69022.0	181.0	90.0	
127	5550	66174.0	173.0		
107	4790	65158.0	171.0	77.0	
193	8009	68968.0	177.0		
79	3520	61567.0	140.0		
129	5980	67843.0	176.0		
120	5310	66065.0	180.0	90.0	
111	4812	66156.0	178.0	131.0	
122	5300	65684.0	170.0		
104	4498	63635.0	161.0		
58	3147	63490.0	183.0		
152	6929	68424.0	181.0		
52	2200	64124.0	163.0		
80	3300	61204.0	151.0	28.0	
50	2154	60079.0	152.0		
42	1840	48451.0			
81	3400	63199.0	157.0		
74	3360	66882.0	163.0		
143	6218	67390.0	185.0		
62	2860	62800.0	185.0		
156	6816	68043.0	175.0		
99	3890	62474.0	149.0	27.0	
110	4830		168.0	107.0	
215	9360	71598.0	181.0		
194	8430		170.0	42.0	550.0
127	5878	69712.0	188.0		
125	5524	68968.0	169.0		
120	5251	65902.0	177.0		
173	7474	68950.0	178.0		
156	6770	66936.0	177.0		
238	10916	73176.0	186.0		
149	6210	66337.0	170.0		
148	6639	68006.0	179.0		
100	4250	63671.0	153.0		
100	4540	64959.0	4.0		
93	4330	66646.0	170.0	62.0	
102	4690	63199.0	160.0		
121	5012	66519.0	185.0		
64	2330	57794.0			
34	1740	61784.0	162.0		
123	4240	49159.0			
38	1640		162.0	13.0	170.0
59	2600	62020.0	169.0		
113	4890	67208.0	177.0	74.0	
64	2530	61385.0	156.0	33.0	
55	2420	61585.0	160.0		
42	1750		152.0	29.0	377.0
38	1570		136.0	18.0	240.0
135	6118	66900.0	179.0		
56	2510	62329.0	174.0		
147	6460	67553.0	176.0		
26	6607	66755.0	178.0		21.0
169	7180	68841.0	182.0		
55	2649	62836.0	180.0		
116	4807	63834.0	153.0		
78	3330	62129.0	149.0		
234	10332	71453.0	167.0	112.0	
94	4200	65449.0	175.0		
77	3696	64578.0	163.0		
75	3300	63798.0	183.0	21.0	
85	3530	64542.0	180.0		
130	6013	67952.0	178.0		
143	6110	66991.0	186.0		
152	6200	66464.0	172.0		
25	1140				
53	2420	63508.0	161.0		
50	2480	62855.0	147.0		
114	4930	63635.0	158.0		
32	1718	61059.0	171.0		
256	11628	73285.0	184.0		
63	2690	61313.0	159.0		
60	2790	63163.0	177.0		
62	2984	62728.0	172.0		
112	4850	68188.0	150.0		
104	4650	65993.0	177.0		
155	6780	67118.0	181.0	77.0	
97	3740	61113.0	142.0		
46	2280	61766.0	163.0		
68	2894	61585.0	156.0		
53	2540	59481.0	128.0		
245	10710	71761.0	175.0	120.0	
108	4789	65322.0	175.0		
65	2890	63725.0	171.0		
66	3193	64143.0	182.0		
51	2789	61984.0	160.0		
152	7011	70437.0	188.0	90.0	
29	1440	59934.0	162.0	47.0	
61	2770	61929.0	183.0		
40	1936	62383.0	180.0	3.0	
106	4740	64415.0	180.0		
216	8970	66446.0	138.0		
132	5770	67535.0	182.0		
272	11510	73612.0	186.0		
223	9760	70346.0	178.0		
133	5791	67244.0	173.0		
68	2680	60932.0	152.0		
46	2000	61639.0	172.0	35.0	
115	5220		165.0	85.0	1110.0
188	8308	70891.0	179.0	142.0	
142	6190	66192.0	168.0		
102	4490	65158.0	170.0		
175	7310	68950.0	184.0		
72	3060	63852.0	182.0		
129	6127	67081.0	177.0	102.0	
107	4630	66991.0	155.0		
117	5250	65576.0	170.0		
120	5088	65031.0	172.0		
119	5360	66991.0	166.0	98.0	
111	4798	66211.0	179.0		
78	3300	63490.0	172.0		
107	4310	65249.0	182.0		
214	9580	72378.0	183.0		
228	9690	70129.0	170.0		
104	4350	65068.0	181.0		
111	5324	67916.0	185.0		
39	2277	63145.0	175.0		
133	5540	67208.0	177.0		
79	3530	63326.0	176.0	20.0	
185	8331	69984.0	176.0		
57	2540	61839.0	156.0		
38	2050	63707.0	153.0		
141	6277	67190.0	164.0		
63	2740	63490.0	177.0		
134	5450	64542.0	170.0		
137	5964	66483.0	174.0	81.0	
49	2600	65104.0	161.0		
93	3880	61730.0	143.0	33.0	
91	3760		145.0	11.0	140.0
138	6340	67136.0	179.0	42.0	
62	2929	59608.0	130.0		
132	6000	69185.0	175.0		
64	2770	63145.0	170.0		
134	5750	67371.0	175.0		
144	6220	66464.0	165.0		
116	4660	63090.0	153.0		
86	3810	64034.0	178.0		
111	4680	66102.0	184.0		
92	4300	65866.0	182.0	52.0	
40	1890	62855.0	155.0		
128	5440		178.0	58.0	750.0
164	6803	67662.0	169.0		
141	6080		183.0		
136	6109	67045.0	173.0		
178	7290		177.0	82.0	1060.0
154	6017		151.0		
82	3400	60914.0	133.0		
132	5660	66755.0	183.0		
92	3480	59535.0	132.0	14.0	
90	3690	63417.0	176.0		
83	3720	64215.0	174.0		
121	4820	66174.0	178.0		
127	5470	65013.0	164.0		
65	2840	62329.0	166.0		
89	4100	65648.0	180.0	64.0	
111	4691	64560.0	166.0		
205	3600				
55	2740	63435.0	176.0		
150	6260	66845.0	175.0	58.0	
44	2095	53748.0	74.0		
128	5297	62075.0	128.0	25.0	
72	2900	60515.0	152.0	28.0	
92	3770	63326.0	176.0	47.0	
148	6360	68079.0	182.0		
92	4054	64270.0	165.0		
59	2619	62111.0	182.0		
135	5830		170.0	51.0	670.0
134	5760	67988.0	188.0		
92	3340	53984.0	72.0		
144	5950		181.0	57.0	740.0
40	1601	52732.0	67.0		
173	7392	68932.0	182.0	110.0	
160	6830	68061.0	181.0	76.0	
184	7760	69294.0	179.0	89.0	
56	2850	63490.0	173.0		
103	4190	63997.0	177.0		
176	7500		152.0	32.0	420.0
138	5800	65485.0	169.0		
71	2800	59662.0	134.0		
141	5220		106.0	22.0	290.0
52	2720	66428.0	178.0		
168	7623	68950.0	178.0	77.0	
162	6890	68750.0	179.0	81.0	
98	4045	62963.0	152.0		
92	3940	64723.0	175.0		
62	2784	62038.0	166.0		
63	2971	62165.0	173.0		
133	5360	65104.0	179.0		
87	3730	64614.0	177.0		
105	4798	65158.0	177.0		
95	3790	61331.0	148.0	55.0	
75	3130	61022.0	147.0		
89	3683	64451.0	177.0		
40	1870	62329.0	175.0		
152	6540		172.0		
133	5800	66464.0	177.0		
58	2540	62709.0	175.0		
106	4421	64197.0	173.0		
149	6320		180.0	44.0	572.0
65	2846	61022.0	156.0		
69	2907	63127.0	173.0		
143	5730		168.0	72.0	940.0
161	7021	68061.0	180.0		
39	1540	44479.0			
211	7350	52950.0			
135	5840	66591.0	178.0		
59	2650		171.0	37.0	481.0
54	2540	62800.0	175.0		
64	2950	62510.0	163.0		
53	2322	61313.0	154.0		
96	4100	63145.0	161.0	43.0	
243	10993	73358.0	182.0		
119	4570	59190.0	115.0		
128	5646	69458.0	175.0	24.0	
140	5900	65539.0	171.0		
252	10880	71326.0	170.0		
94	4200	61984.0	140.0		
131	5510	66138.0	177.0		
134	6043	67771.0	184.0		
81	3290	62437.0	172.0		
102	4310	63363.0	150.0	14.0	
153	6870		186.0		820.0
99	4240	65594.0	170.0		
67	3043	63907.0	172.0		
120	5365	67045.0	186.0		
44	1850	47200.0			
245	8361	54184.0			
59	3020	64433.0	179.0		
105	4200	64777.0	173.0		
99	4330	64741.0	168.0		
60	2739	61621.0	162.0		
128	4960	64759.0	177.0		
238	10575	72306.0	182.0		1499.0
109	4514	62891.0	158.0		
28	1570	60007.0	151.0		
248	10875	70909.0	175.0		
156	7093	67644.0	176.0		
99	3910	62329.0	151.0		
237	10260	70546.0	166.0		
89	3743	63544.0	170.0	33.0	
137	5910		183.0	65.0	900.0
86	3930	65177.0	175.0	49.0	
77	3400	63381.0	173.0		
156	6620		173.0	50.0	650.0
169	7110		174.0	105.0	1370.0
90	3900	64723.0	179.0	15.0	
100	4290	65195.0	180.0		
207	8400	71471.0	188.0		
100	4420	66029.0	177.0		
135	5770	66773.0	175.0		
124	5705		180.0	73.0	950.0
114	5231	65666.0	182.0		
60	2698	61276.0	155.0		
162	7061	68714.0	181.0		
90	4060	63671.0	151.0		
43	2090	62673.0	175.0		
42	1900	60986.0	154.0		
55	1000				
57	2535	63163.0	161.0		
59	2861	64124.0	170.0		
107	4944	66954.0	181.0		
52	2380	65249.0	185.0		
102	4780	67934.0	173.0		
36	1730		171.0	54.0	702.0
44	1860	55054.0	97.0		
180	7496	68659.0	170.0		
164	6350	63834.0	146.0		
78	3540	65412.0	184.0	24.0	
58	2630	62419.0	158.0		
87	3936	64542.0	176.0		
99	4440	67172.0	151.0	45.0	
156	6476	66537.0	165.0		
127	5120	64959.0	172.0		
45	2280	63580.0	183.0		
63	2694	60043.0	138.0		
41	1970	64632.0	180.0		
198	8520		183.0	98.0	1270.0
164	7130		189.0	96.0	1250.0
139	6043	66610.0	179.0		
139	6217	67226.0	180.0		
70	3060	63762.0	176.0		
131	5450	66011.0	172.0		
138	6049	66319.0	170.0		
118	4940	65358.0	173.0		
65	2900	63417.0	169.0		
63	2820	61657.0	156.0		
102	4186	64469.0	179.0	30.0	
119	5315	65811.0	181.0		
60	2940	65086.0	181.0		
52	2500	65376.0	174.0		
61	2780		182.0	24.0	260.0
60	2750		177.0	21.0	270.0
105	4817	66374.0	182.0		
70	3160	63852.0	179.0		
40	1900	61639.0	165.0		
124	5600	67934.0	183.0		
62	2760	61730.0	155.0		
227	9900	69784.0	165.0		
143	6210	66410.0	170.0		
213	9230	71544.0	185.0		
124	5578	66682.0	181.0		
171	7705	69965.0	184.0		
98	4213	62818.0	158.0	42.0	
163	6610		166.0		
200	8712	71326.0	185.0	166.0	
75	3100	63217.0	180.0		
124	5340	65249.0	172.0		
151	6880		183.0	42.0	550.0
64	3040	65648.0	148.0		
188	8200	69675.0	176.0		
84	3810	64070.0	174.0	59.0	
129	5560	65666.0	152.0	29.0	
106	4603	62165.0	146.0		
96	3286	48615.0			
181	7955	69857.0	178.0		
64	2690	58501.0	126.0		
60	2550	58828.0	133.0		
121	5190	63326.0	138.0		
89	3540	62728.0	163.0		27.0
129	5755	66718.0	174.0		
152	6620	66845.0	158.0		
102	4322	64088.0	167.0		
153	6430	67734.0	185.0		
56	2535	64143.0	178.0		
97	4390	64977.0	176.0		
310	12660	74120.0	176.0		
59	2580	58664.0	120.0		
142	6340	67771.0	180.0		
138	5890	65285.0	159.0		
107	4510	64777.0	174.0		
219	8720				
128	5440	66573.0	180.0	78.0	
57	2550	63344.0	158.0		
109	4680	66791.0	153.0		
113	4854	64505.0	160.0	55.0	
119	4590	58229.0	94.0		
110	4350	65340.0	182.0		
135	5870	66900.0	172.0		
122	5500	66718.0	182.0		
119	4970	63453.0	150.0		
113	4793	64687.0	174.0		
62	2690	63725.0	185.0		
80	3470	64578.0	181.0		
70	3140	64560.0	185.0		
65	2771	62492.0	162.0		
145	5830	62546.0	112.0		
78	3410		176.0	56.0	730.0
47	2170	62492.0	176.0		
114	5310		180.0	72.0	940.0
134	5780	66319.0	182.0		
88	3296	55327.0	88.0		
86	3570	62329.0	162.0		
160	7011	67009.0	171.0		
136	6026	64687.0	159.0		
68	2670	56596.0	93.0		
146	6526	67353.0	181.0		
77	3016	55635.0	90.0	12.0	
78	3057	56415.0	105.0	11.0	
36	1730		60.0	2.0	35.0
58	2630	55961.0	96.0		
174	7000	64814.0	152.0		
121	4725	59045.0	106.0		
114	4950		173.0	25.0	330.0
77	3500	63798.0	177.0		
126	5501	64487.0	157.0		
151	5610	60623.0	117.0		
54	2300	60261.0	151.0		
196	8721	70274.0	186.0	130.0	
102	4600	64959.0	178.0		
81	3596	64342.0	172.0		
71	3325	63580.0	159.0		
118	5340	67045.0	180.0		
160	7000		177.0	172.0	2236.0
67	2875	59335.0	133.0		
249	11100	72523.0	180.0		
119	5310		159.0	38.0	490.0
109	4890	63598.0	129.0		
51	2200	57014.0	108.0		
107	4400	63526.0	162.0		
49	1920	57503.0	109.0		
101	3290	45712.0	4.0		
37	1660	44170.0	4.0		
77	3410	63979.0	176.0		
114	4610	64632.0	173.0	53.0	
123	5175	66900.0	181.0		
90	4230	67698.0	172.0	87.0	
139	6140	67063.0	170.0		
91	4160	67789.0	178.0		
92	3968	64360.0	178.0		
108	4807	65811.0	181.0		
97	4127	64977.0	174.0		
111	5240		159.0	27.0	350.0
61	2970	66120.0	149.0		
46	2230	61549.0	157.0		
78	3360	59535.0	126.0		
164	7148	68133.0	179.0		
93	3780	58628.0	114.0		
105	4550	65430.0	173.0	30.0	
96	3700	62183.0	153.0		
169	7809	70582.0	180.0		
54	2118	46946.0			
71	2880				
66	3030	64650.0	182.0		
33	1570		85.0	11.0	143.0
37	1900	60188.0	140.0		
58	2250	57848.0	118.0		
177	7290	69349.0	180.0	111.0	
151	6630	68478.0	184.0		
150	6720		163.0	29.0	459.0
87	3773	62510.0	153.0		
96	3823	58773.0	112.0	19.0	
112	5034	65993.0	177.0		
60	2950	64052.0	189.0		
113	4990	60805.0	95.0		440.0
156	6965	66773.0	165.0		
128	5370	63852.0	145.0		
106	4460	64088.0	167.0		
118	5426	67063.0	183.0		
94	4154	66084.0	186.0		
237	10267	71018.0	171.0		
105	4320	65412.0	183.0		
125	5330		176.0		
114	4850		172.0	32.0	420.0
112	4600	63889.0	159.0		
60	2934	60460.0	146.0		
92	3854	61113.0	139.0		
60	2834	62474.0	165.0		
54	2500	58809.0	123.0		
129	5710	65739.0	170.0		
153	6860	69585.0	182.0	83.0	
54	2470	62419.0	150.0		
45	1930	60242.0	153.0		
134	5433	65503.0	167.0		
140	6400	67136.0	184.0		
168	7564	67517.0	170.0		
46	1600	43844.0	4.0		
110	5140	66192.0	172.0		
129	5780	66936.0	168.0		
119	5296	65975.0	175.0		
122	5200	64814.0	159.0		
211	9215	70872.0	177.0		
237	10630		168.0	51.0	660.0
161	6950	68079.0	175.0		
95	4290	65884.0	182.0		
114	5016	64977.0	170.0		
61	2716	58955.0	128.0		
169	6950	67299.0	171.0		
67	2880	64088.0	185.0		
89	3860	63399.0	153.0		
97	4136	64814.0	182.0	26.0	
207	8950	69439.0	176.0		
157	7007	67281.0	168.0	76.0	
215	9524	70800.0	186.0		
187	7922	68913.0	179.0		
113	4752	62655.0	151.0		
51	2326	46692.0			
70	2890	60369.0	143.0		
90	3540	59499.0	131.0	19.0	
90	3570	60242.0	140.0		
110	4852	66138.0	185.0		
115	4617	63490.0	168.0		
102	3880	58628.0	117.0		
124	4789	59263.0	107.0		
71	2870	60079.0	143.0		
120	5260	64814.0	162.0		
56	2540	58410.0	125.0		
119	5057	64977.0	179.0		
145	6049	66211.0	171.0		
112	4530	63671.0	159.0		
54	2250	58664.0	128.0		
89	3710	61929.0	149.0	29.0	
68	2960	62220.0	162.0		
102	4544	66174.0	184.0		
82	3470	61041.0	146.0		
74	2980	61240.0	149.0		
94	4140	63308.0	166.0		
138	5730	67353.0	181.0		
117	5490		186.0		
95	3660	61004.0	143.0	27.0	
119	4934	65612.0	182.0		
86	3787	62238.0	147.0		
74	3230	61802.0	154.0		
142	5955	65557.0	173.0		
67	3280	66392.0	179.0		
185	8217	68151.0	177.0		
144	6200		184.0	169.0	2200.0
126	6190	69730.0	189.0		
165	7433	68805.0	179.0		
91	3630	62909.0	160.0		
137	6004	65412.0	163.0		
117	4970		174.0	68.0	884.0
151	6716	69040.0	179.0	72.0	
160	6740	66991.0	163.0		
15	800				
108	4630	63217.0	149.0		
38	1810		179.0	68.0	890.0
89	3470	59626.0	135.0	19.0	
96	4172	62909.0	154.0		
550	17890				
192	8081	69258.0	176.0		
72	2850	60496.0	147.0		
106	4612	65177.0	180.0		
159	6998	68823.0	179.0		
166	7360	70038.0	184.0		
73	3030	58483.0	119.0		
84	3822	62927.0	157.0		
24	1270	62963.0	164.0		
88	3650	57104.0	104.0		
120	5420	67390.0	159.0		
132	5745	65430.0	169.0		
95	3780	61440.0	154.0		
53	1960	47835.0			
44	1868	49322.0	25.0		
74	2670	54728.0	90.0		
105	4775	64614.0	163.0		
58	2544	60351.0	152.0	48.0	
102	4045	61422.0	135.0		
154	6548	69458.0	179.0		
100	4020	58138.0	103.0		
120	5215	65848.0	170.0		
91	4009	62256.0	155.0		
132	5700	65430.0	150.0		
143	5972	67045.0	178.0		
141	6318	67752.0	180.0		
48	2190	63127.0	181.0		
311	12810	74283.0	188.0		
135	5650		165.0	32.0	410.0
88	3619	62601.0	160.0		
54	2350	60333.0	153.0		
81	3279	60242.0	145.0	20.0	
78	3206	60406.0	134.0		
120	4771	61730.0	136.0		
73	3200		179.0	24.0	310.0
100	4290	64397.0	172.0		
108	4560		151.0		
139	6277	66029.0	179.0		
72	3290	63471.0	177.0		
58	2613	58029.0	20.0		
129	5480	66156.0	177.0		
96	3990	63653.0	158.0		
56	2412	63145.0			
76	3084	56923.0	103.0		
105	4213	64397.0	175.0		
72	2800	59535.0	137.0		
34	1810	62673.0	169.0		
135	5640	66501.0	186.0		
135	5000	59970.0	115.0		
93	4090	66156.0	157.0		
148	6600	68043.0	184.0		
36	1540	59118.0	142.0		
88	3400	60515.0	142.0	57.0	
103	4500	63907.0	171.0		
144	5913	65104.0	172.0		
88	3619	61676.0	148.0		
149	6620		165.0		
149	6430	67625.0	178.0		
30	1678	59372.0	152.0		
62	2850	62637.0	168.0		
134	5690		174.0	115.0	1500.0
172	7500	68460.0	181.0		
115	5170	65957.0	174.0		
205	9150	70528.0	178.0		
68	2900	63816.0	175.0		
165	7333	67263.0	168.0	64.0	
111	5050	65757.0	177.0		
74	3010	63943.0	178.0		
89	3690	64034.0	176.0		
222	9330	69984.0	176.0		
161	6762	67335.0	176.0		
48	1820	49649.0			
12	758	50247.0			
50	2350				
79	3470	62601.0	154.0		
50	2140		109.0	23.0	300.0
59	2840	60859.0	159.0		
85	3760	59988.0	111.0		
118	5576	68569.0	188.0		
140	6226	66610.0	167.0		
137	6200	68206.0	163.0		
97	3770	61168.0	121.0		
246	10734	71417.0	172.0		
106	4510	64560.0	164.0		
162	7100	68333.0	181.0		
231	10350	72523.0	183.0		
70	3165	64759.0	181.0		
50	2350	62619.0	178.0		
72	3147	61222.0	157.0	30.0	
96	4241	64904.0	169.0		
132	5900	66718.0	170.0		
237	10400	70437.0	158.0		
99	4120	64542.0	173.0		
159	6590	67444.0	189.0		
91	3700		140.0	20.0	260.0
58	2858	60642.0	148.0		
167	7290	68115.0	178.0		
137	5828	65213.0	159.0	89.0	
59	2620	63236.0	160.0		
186	7750	66737.0	161.0		
126	5610	65793.0	160.0		
169	7320	67335.0	169.0		
158	6510		170.0	64.0	830.0
112	4470	65557.0	182.0		
265	10929	67698.0	120.0		
65	2920	61149.0	124.0		
73	3390	63689.0	166.0		
109	4903	65557.0	169.0		
153	6649		171.0	43.0	560.0
171	5945	51880.0			
43	2160	63490.0	183.0		
98	4370	65920.0	174.0		
172	6150				
121	5283	63979.0	148.0	63.0	
136	5860	66882.0	174.0		
70	2800	57213.0	79.0		
58	2489	56633.0	109.0		
151	6142	64469.0	162.0		530.0
132	5379	65394.0	172.0		
96	3950	64070.0	176.0		
213	9292	70546.0	175.0		
235	10000		174.0	98.0	1270.0
60	2500	56469.0	64.0		
51	2060	62564.0	176.0		
170	6750	67498.0	173.0	111.0	
65	2799	63199.0	181.0	28.0	
83	3630	64832.0	181.0		
136	6060		178.0	86.0	1120.0
194	8271	69113.0	168.0		
199	8060	67825.0	157.0		
134	5750	66555.0	181.0		
145	6839	69639.0	184.0		
120	4863	61621.0	128.0		
113	4920	66120.0	187.0		
169	7476	69476.0	20.0		
72	2970	61004.0	161.0		
76	3380		183.0	55.0	720.0
117	4750		114.0	19.0	250.0
126	5270	66029.0	173.0		
156	6698	67172.0	179.0		
104	4750	66138.0	188.0		
52	2330	62818.0	174.0		
52	2730	61276.0	155.0		
58	2460	57286.0	113.0		
119	4550	61567.0	150.0		
195	8480	69657.0	180.0		
101	4200	61077.0	136.0		
148	6400	67263.0	174.0		
103	3890	56578.0	99.0		
98	4235	63417.0	166.0		
51	2180	62056.0	175.0		
144	6220	66864.0	181.0		
63	3070	65630.0	153.0		
88	3720	64614.0	179.0		
106	4560	64832.0	171.0		
152	6603	66791.0	174.0		
72	3100	62891.0	174.0		
101	4490	65177.0	170.0		
105	4210	62038.0	145.0		
50	2130	53712.0	76.0		
116	4960	65775.0	189.0		
45	2020	58211.0	122.0		
66	2950	62183.0	132.0		
127	5619		185.0	76.0	990.0
70	2710	55599.0	92.0		
153	5760	62202.0	131.0		
148	6620	67118.0	168.0		
113	3705	46148.0	4.0		
181	7823	68460.0	178.0		
117	5190		148.0	33.0	430.0
1504	9330	71199.0	178.0		
121	5980	69984.0	175.0		
64	2990	64106.0	180.0		
40	2200		157.0	15.0	200.0
166	7324	67970.0	179.0		
120	5138	62365.0	139.0		
118	5056	66501.0	182.0		
102	4183	64669.0	180.0		
63	2875	63508.0	168.0		
64	2800	59535.0	126.0		
68	2790	63725.0	181.0		
57	2370		172.0		
90	3880	63852.0	174.0		
230	10190	70963.0	177.0		
77	3010	58428.0	130.0		
112	4600	64777.0	174.0		
177	7995	68569.0	169.0		
120	5050		171.0	50.0	650.0
108	4820	67190.0	177.0		
127	5691	66374.0	179.0		
143	6431	68297.0	182.0		
119	5070	65612.0	181.0		
141	5650	66845.0	179.0		
102	4780	65902.0	183.0		
55	2485	62383.0	164.0		
83	3328	60297.0	139.0		
74	3090		164.0	59.0	767.0
151	6670	67698.0	180.0		
66	3000	62165.0	170.0		
183	7440		180.0	94.0	1220.0
117	4870		174.0	32.0	410.0
116	4980	63544.0	151.0		
140	6220		184.0	49.0	640.0
135	5780	65358.0	162.0		
39	1800	64451.0	181.0		
97	3820	62111.0	167.0		
38	1730	62238.0	181.0		350.0
177	6000		7.0		
52	2771	63127.0	182.0		
148	6272	68805.0	184.0	80.0	
61	2580	60007.0	138.0		
161	7000	68133.0	183.0	84.0	
32	1690		174.0		
28	1510		183.0	69.0	900.0
158	6310	66446.0	176.0		
53	2080	54111.0	93.0		
158	6820		183.0	90.0	1170.0
147	6570	67843.0	182.0		
101	4213	63054.0	164.0		
129	5564	67154.0	184.0		
148	6262	67934.0	179.0		
55	2540	62365.0	167.0		
88	3456	57703.0	102.0		
137	6200	68514.0	187.0		
95	3380	53875.0	65.0		
260	11337	72033.0	178.0		
146	6490	66791.0	172.0	55.0	
54	2390	61911.0	161.0		
32	1510	58864.0	151.0		
33	1530		174.0	5.0	60.0
69	3140	64741.0	180.0		
60	2620	60424.0	136.0		
93	4020	63598.0	158.0		
141	6326	68405.0	174.0		
125	6911		169.0	48.0	620.0
60	2580	61367.0	161.0		
116	4800	64814.0	180.0		
67	2900	61639.0	171.0		
73	3400	63109.0	180.0		
118	5140	65739.0	179.0		
53	2530	64741.0	169.0		
110	4550	63671.0	164.0		
51	2270	58864.0	130.0		
111	5200		180.0	40.0	520.0
107	4370	61875.0	138.0		
61	2680	62746.0	178.0		
88	4040	66573.0	162.0		
104	4350	63707.0	166.0		
106	4550	65721.0	181.0		
97	3932	62129.0	146.0		
168	7590		179.0	76.0	990.0
157	7057	69349.0	185.0		
93	3650	60515.0	135.0		
152	6710	67916.0	179.0		
158	6170	63508.0	145.0		
137	6172	66954.0	178.0		
95	4303	64705.0	182.0		
37	1670		159.0	8.0	100.0
96	4070	62746.0	155.0		
111	4770		182.0	88.0	1140.0
252	11150		180.0	93.0	1210.0
89	3954	64378.0	172.0		
166	6993		110.0	32.0	420.0
102	4608	64977.0	181.0		
78	3150	62383.0	168.0		
110	4630	65285.0	181.0		
215	8430				
92	3510				
54	2510	64904.0	167.0		
67	2780	59988.0	148.0		
33	1660	63217.0	181.0		
184	8230	71199.0	187.0		
172	7220	68405.0	174.0	62.0	
150	6385	66229.0	177.0		
217	9070	70292.0	176.0		
157	6780	70002.0	179.0		
120	5687	69984.0	181.0		
119	4830	64197.0	166.0		
75	3310	63381.0	175.0		
156	6330	66845.0	178.0		
68	2970	63435.0	186.0		
80	3350	62982.0	165.0		
117	4710		105.0	24.0	310.0
253	10830		152.0	75.0	970.0
80	3640	63018.0	152.0		
125	5260	63217.0	145.0		
138	5900	68061.0	177.0		
100	4170	64324.0	177.0	33.0	
65	2500	64923.0	81.0		
98	4412	66047.0	174.0		
50	2110	56977.0	113.0	13.0	
60	2260	48107.0			
74	2910		88.0	5.0	65.0
110	4500	63109.0	154.0		
38	1880		174.0	50.0	650.0
79	3120	56234.0	94.0		
118	4320	59136.0	122.0		
102	4249	64741.0	172.0		
181	7968	68950.0	170.0		
74	2790	60841.0	160.0		
85	3687	63635.0	173.0		
137	6130	68006.0	188.0		
159	6984	67970.0	182.0		
176	7500	67589.0	174.0		
218	9827	71798.0	182.0		
120	5637	67462.0	179.0		
167	6960		176.0	70.0	910.0
93	4168	64306.0	163.0		
117	4825	62746.0	151.0		
44	2303	62020.0	165.0		
128	5490	65249.0	165.0		
127	5400		169.0	70.0	910.0
138	5950	66374.0	172.0		
234	10320		177.0	54.0	700.0
129	5687	65104.0	152.0		
84	3530	60152.0	131.0		
130	5790		181.0	78.0	1010.0
31	1450	56814.0	114.0	13.0	
82	3830	64106.0	178.0		
104	4210	64850.0	171.0		
125	5040	63997.0	158.0		
77	3490	67535.0	176.0		21.0
63	2440	58555.0	127.0		
111	4710	64523.0	167.0	48.0	
150	6900	66882.0	174.0		
70	3050		180.0	34.0	450.0
99	4280		172.0	33.0	430.0
62	2540	62836.0	177.0		
121	5633	67462.0	183.0		
135	5730	65467.0	171.0		
246	10850		170.0	85.0	1110.0
89	3936	64777.0	177.0		
85	4210		159.0	19.0	240.0
102	4260		172.0	42.0	550.0
128	5250	65866.0	181.0		
64	3020	65340.0	172.0		
33	1560	61839.0	177.0		
90	3570	61276.0	147.0		
74	2770	60333.0	134.0		
159	6680		166.0	32.0	420.0
126	5537	66047.0	178.0		
38	1905	63127.0	182.0		
54	2530	64959.0	171.0		
125	5010	62256.0	152.0		
87	4190	67172.0	177.0		
47	2050		167.0	22.0	290.0
62	2758	62909.0	176.0		
66	2940	62945.0	173.0		
79	3514	62909.0	180.0		
148	6470	67571.0	172.0		
36	1600	61131.0	156.0		
181	7200	69149.0	187.0		
106	4190	63907.0	172.0		
165	7038	67444.0	178.0		
85	3700	64451.0	179.0		
135	5873	66591.0	170.0		
63	2860		158.0	21.0	270.0
131	5290		171.0	44.0	580.0
139	5940		178.0	51.0	660.0
103	4340		93.0	48.0	624.0
79	3500	63490.0	163.0		
129	5667		175.0		
112	4780	62746.0	148.0		
79	4000		187.0	53.0	690.0
162	6693	67861.0	172.0	59.0	
172	7373	67789.0	185.0		
129	6014	68623.0	180.0	92.0	
45	2120		147.0	21.0	280.0
113	4572	62982.0	145.0		
95	4120	64941.0	174.0		
70	3084	62945.0	178.0		
68	2920	60859.0	156.0		
147	6340		179.0	40.0	520.0
113	5361	67498.0	174.0		
37	1650		146.0	2.0	30.0
266	11580	73593.0	183.0	92.0	
130	5360	63780.0	152.0		
56	2710	63725.0	173.0		
50	2280	63054.0	175.0		
92	3310	48851.0			
72	3061	62111.0	161.0	52.0	
129	5080	64451.0	175.0		
38	1515	42991.0			
44	2120	62165.0	167.0		
65	2910	61331.0	152.0		
60	3107	62818.0	178.0		
126	5530	67063.0	177.0		
64	2790	62292.0	175.0		
129	5451	66555.0	184.0		
215	9156	70673.0	180.0		
194	8448	68496.0	174.0	38.0	
147	6260	65630.0	166.0		
131	5297	63653.0	150.0		23.0
189	8390	70655.0	186.0		
158	6990	69204.0	189.0		
121	4899	64723.0	171.0	48.0	
85	3540	63852.0	183.0		
171	7356	70147.0	184.0		
153	6520		163.0	101.0	1310.0
186	7440		151.0	46.0	600.0
147	5782		159.0		
141	6100	69312.0	169.0		18.0
90	3407	63109.0	175.0	34.0	
111	4610		185.0	44.0	570.0
172	7260		177.0	67.0	870.0
90	4063	62746.0	156.0		
124	5540	66410.0	169.0		
62	2819	62891.0	173.0		
89	4160	65739.0	160.0		
116	5190	66791.0	180.0		
115	5060		185.0	24.0	310.0
56	2739	62746.0	177.0		
153	6566	68405.0	180.0	44.0	
51	2370	65793.0	183.0		
52	2340	65594.0	179.0		
111	4930	65485.0	173.0		
46	1960	61748.0	171.0		
46	2422	61295.0	162.0		
43	1960	62583.0	173.0		
63	2860	65177.0	177.0		
55	2621	62456.0	178.0		
69	2800	61295.0	160.0		
105	4620	64596.0	167.0		
210	9286	70872.0	179.0		
52	2539	62383.0	178.0		
116	4830	64741.0	179.0		
102	4177	64850.0	173.0		
127	6160	67644.0	175.0	28.0	
52	2250	62220.0	179.0		
185	7963	69058.0	180.0	76.0	
106	4790		164.0	52.0	680.0
102	4930	68351.0	180.0		
124	5190	65703.0	187.0		
45	2070	64796.0	181.0		
145	6390	67843.0	182.0		
69	3080	63308.0	178.0		
44	2280		174.0	49.0	637.0
65	2750	63852.0	183.0		
156	6756	67226.0	175.0	63.0	
59	2600	62111.0	161.0		
60	2870	62673.0	180.0		
43	2140	64814.0	166.0		
85	4500		126.0		
129	5460	65594.0	175.0		
137	5980	68460.0	182.0		
82	3830	63780.0	167.0		
128	5460		179.0	19.0	240.0
171	7442	68913.0	181.0		
92	4100	67898.0	184.0		
132	5720	66791.0	185.0		
151	6500		182.0		
154	6740	68968.0	182.0	92.0	
73	3100		178.0	53.0	690.0
72	3260	63616.0	178.0		
121	5280		142.0	38.0	490.0
86	3590	63907.0	178.0	32.0	
106	4800	64723.0	159.0		
125	5430	65793.0	167.0		
120	5166	65285.0	185.0		
204	8794	70927.0	185.0		
129	5170		177.0	44.0	570.0
133	6160	65993.0	172.0		
148	6376	67553.0	178.0		
116	5070	66646.0	171.0		
125	5235	65920.0	180.0		
66	3050	63997.0	182.0		
61	2520	48615.0			
122	5140	66283.0	178.0		
95	4045	63852.0	167.0		
99	4270	64433.0	171.0		
64	2790	61948.0	168.0		
234	10100	70764.0	173.0		
89	3770	62347.0	156.0		
151	6110	67426.0	178.0		
127	5660		172.0	49.0	637.0
251	10911	71580.0	175.0		
136	6172	66011.0	170.0		29.0
185	8180		188.0	72.0	930.0
84	3615	61295.0	161.0		420.0
35	1641	59735.0	142.0		30.0
72	3370	63290.0	177.0		
74	3280		178.0	32.0	420.0
91	4000	65884.0	179.0		
34	1651	60642.0	162.0		70.0
83	3410	64052.0	181.0		
85	3840		183.0	22.0	290.0
93	4190	65430.0	179.0		
55	2210	49177.0			
99	4050	64106.0	164.0		
71	2990	62056.0	169.0		
133	5941	67498.0	170.0		
115	4640	66084.0	184.0		
117	5587	66573.0	183.0		
179	7760	68859.0	174.0	45.0	
86	3680		171.0	21.0	270.0
90	3660		177.0	41.0	530.0
130	5670	66519.0	170.0		
72	3000		152.0	27.0	350.0
56	2440	62909.0	166.0		
59	2570	62709.0	179.0		
97	4160		144.0	20.0	260.0
92	3832	63453.0	164.0		
102	4454	64161.0	174.0		
164	6970	67190.0	171.0		
97	3860	63780.0	176.0		
129	5220	65231.0	175.0		
104	4530	66374.0	176.0		
79	3700		173.0	68.0	310.0
89	4100		170.0	75.0	975.0
94	4100		180.0		
252	10800	72596.0	180.0		
217	9519	69820.0	169.0		
16	760	49631.0			
132	5201	65902.0	179.0	65.0	
82	3460	61639.0	146.0		
157	6180	66718.0	178.0		
35	1650	61549.0	165.0	42.0	
39	1800	62347.0	173.0		
112	5007	65086.0	174.0		
228	9923	70836.0	172.0		
125	5619	69784.0	180.0		
58	2650	62891.0	180.0		
67	3290		183.0	10.0	130.0
96	4350	65394.0	174.0		
157	6470	67244.0	188.0		
99	4110	65521.0	186.0		
83	3480		173.0	40.0	520.0
137	5450	66156.0	180.0		
144	6263	67789.0	180.0		
70	3090	63308.0	175.0		
101	4567	66065.0	189.0		
65	2753	59372.0	132.0		
94	4400				
113	4799	64904.0	164.0		
28	1410	61222.0	177.0	31.0	
106	4650	64397.0	174.0		
178	7279	67934.0	171.0		
149	6500	67589.0	180.0		
138	6400	70129.0	175.0		
213	9500	70999.0	174.0		
112	4571	65050.0	183.0		
223	9696	72160.0	184.0		
187	7490		119.0	59.0	770.0
128	5877	66737.0	180.0		
68	3175	62238.0	157.0		
173	10789		167.0	60.0	780.0
67	3140	65594.0	165.0		
160	7340		186.0	101.0	1310.0
140	6160	66972.0	176.0		
218	9175	69149.0	162.0		
43	2330		134.0	16.0	210.0
88	3760	65775.0	182.0		
185	8130	69693.0	186.0		
228	9927	71308.0	178.0	82.0	
121	5140	66102.0	183.0		
117	4789	63090.0	153.0		
45	2090		180.0	27.0	350.0
223	9500		183.0	90.0	1170.0
102	4490	68115.0	182.0		
124	5400		171.0	24.0	310.0
45	1490				
87	3720	64705.0	172.0		
54	2530	65195.0	175.0		
64	2990	61676.0	166.0		
51	2381	62347.0	165.0		
69	2820	61857.0	169.0		
110	5089	64868.0	157.0		
135	5750		179.0	33.0	430.0
103	4417	64433.0	178.0		
100	4036	63979.0	175.0		
141	6081	65231.0	168.0		
169	7490	70002.0	184.0		
90	3950	65213.0	184.0		
255	10850	72632.0	186.0		
60	2580	62782.0	183.0	11.0	
49	2258	62746.0	173.0		
85	3690	63181.0	159.0		
210	9450	71362.0	176.0		
71	3063	63907.0	173.0		
69	3084	62601.0	162.0		
64	3070	64306.0	175.0		
78	3210	62220.0	170.0		
124	5390	65340.0	176.0		
57	2750	59934.0	133.0		
66	3057	64777.0	178.0		
178	6503	54510.0			
40	1650	46275.0			
111	4630	63598.0	156.0		
90	3460	59608.0	129.0	25.0	
90	3640	63236.0	164.0	83.0	
167	6716	65503.0	150.0	40.0	
65	2850	62510.0	164.0		
56	2260	59045.0	138.0		
83	3470		136.0	34.0	460.0
116	4920	65068.0	175.0	47.0	
133	5530	63870.0	155.0		34.0
241	10550	72070.0	177.0		
93	3770	61730.0	145.0		
192	8660	72251.0	181.0		
197	8571	70111.0	189.0	134.0	
173	7628	68714.0	168.0		
136	5855	65721.0	173.0		
69	2660	62002.0	174.0		
76	3150	63816.0	175.0	35.0	
180	7430		181.0	86.0	1120.0
330	13700	74283.0	186.0		
37	1840		175.0	8.0	100.0
158	7127	69693.0	186.0		
93	3960	65884.0	170.0		
67	3100	64233.0	170.0		
78	3508	63907.0	170.0		
241	10490		178.0	83.0	1079.0
157	6631	68079.0	179.0	69.0	
100	4380	65521.0	176.0		
53	2730	65721.0	174.0		
256	10800	70945.0	168.0		
180	7632	69185.0	176.0		
128	4600	57848.0	97.0		
56	2590	62927.0	182.0		
103	4030		174.0	41.0	530.0
85	3791	65430.0	184.0		
120	5490	68986.0	181.0		
149	6210	67263.0	187.0		
78	3570		166.0	62.0	810.0
142	6250	68043.0	182.0		
86	3550	62927.0	171.0		
86	3480	59644.0	114.0		
129	5880	67462.0	179.0		
68	3130	65340.0	172.0		
85	3590	64650.0	180.0		
214	9410	73158.0	184.0		
76	2830	55871.0	89.0		
144	6222	66356.0	171.0		
138	6209	67408.0	185.0		18.0
47	1878	47889.0			
76	3010	59390.0	138.0	12.0	
124	5315	64360.0	157.0	55.0	
61	2530	60623.0	154.0	49.0	
104	4621	65449.0	172.0		
106	4635	65539.0	177.0		
69	2860	61131.0	159.0		
87	3260		44.0		
99	4054	65322.0	183.0		
109	4820	65068.0	167.0		68.0
139	5990		174.0	51.0	660.0
106	4470	64523.0	174.0		
106	4331	63816.0	159.0		
65	2740	64161.0	180.0		
69	3070	63598.0	180.0		
40	1700		142.0	5.0	70.0
101	4281	65993.0	185.0		
149	6376	67952.0	186.0		
51	2370	62982.0	179.0		
48	2110	62546.0	179.0		
37	1723	61041.0	164.0	27.0	
116	4730	64233.0	170.0		
120	5060	65576.0	174.0		40.0
142	5780	66519.0	148.0		24.0
98	4168	64923.0	171.0		
60	2703	64124.0	179.0		
63	3090	65394.0	173.0		
112	4570	63254.0	152.0		
130	5250		166.0	71.0	920.0
90	3770	64251.0	177.0		
161	6260	65449.0	164.0		
88	3869	64923.0	181.0		
76	3378	64433.0	178.0		39.0
83	3400	61802.0	179.0		39.0
103	4570	66464.0	166.0	59.0	
87	3620		146.0	35.0	450.0
73	3440	67680.0	178.0		
152	6680	68587.0	184.0		1239.0
82	3520	64523.0	180.0		
125	5447	63671.0	151.0		
123	5000	64124.0	160.0	44.0	
61	2680	63127.0	171.0		
118	5454	66628.0	181.0		
88	3501	57485.0	110.0	9.0	
117	4980		188.0	57.0	740.0
74	3140	64796.0	179.0		
157	6700		184.0	110.0	1430.0
199	8340		178.0	124.0	1609.0
114	4990	67480.0	184.0		
148	6394	67789.0	174.0		
160	6590	67208.0	182.0		
51	2410	62963.0	165.0		
124	5180	65866.0	175.0		
41	1920	61295.0	144.0		
74	2950	62329.0	176.0		
49	2440		159.0	7.0	90.0
33	1570		160.0	25.0	325.0
140	6030	65449.0	169.0		24.0
152	6453	66864.0	173.0		
285	12010	74101.0	172.0		
34	1550	58846.0	146.0		
56	2430	61694.0	165.0		
73	3040	64288.0	180.0		
89	4194	66138.0	180.0		
69	2690	58211.0	120.0		
129	5260		157.0	18.0	240.0
25	1170				
135	5240	65938.0	179.0	89.0	
54	2562	61004.0	152.0		
145	6340	69712.0	188.0	77.0	
28	1320	60714.0	169.0		
65	2760	61893.0	165.0		
142	6370	67916.0	180.0		
172	7170	68968.0	181.0	112.0	
126	5530		181.0	45.0	590.0
146	6620	67371.0	172.0		
94	3818	61712.0	150.0	34.0	
86	3650	64124.0	168.0		
150	6080	65521.0	163.0		
78	3252	64306.0	180.0		
93	4200	66446.0	184.0		
134	5646	67317.0	185.0		
167	6480	63308.0	136.0		
47	2280	64070.0	183.0		
99	4180	65485.0	179.0		
161	7070	68387.0	184.0		48.0
92	3900	63889.0	181.0		
127	5500		167.0	54.0	700.0
150	6380	67099.0	175.0		
117	5500		175.0	54.0	700.0
158	6240	67081.0	182.0		
228	9396	70419.0	178.0		
125	5830	69639.0	184.0		
52	2390	60496.0	157.0		
65	2862	62619.0	178.0		
112	4170	52732.0	26.0		
83	3710	66573.0	172.0		
136	5880	66954.0	175.0		
141	6090	67317.0	180.0		
221	9410	71616.0	176.0		
35	1633	58138.0	131.0		
156	6571	68061.0	184.0	61.0	
49	2280	62419.0	181.0		
121	4900	65322.0	181.0		
86	3510	64143.0	179.0		
243	10984	72995.0	179.0		
143	6077	67299.0	181.0		
109	4660	63725.0	157.0	93.0	
95	4299	65884.0	180.0		
96	4400	65739.0	181.0		
149	6585	68061.0	183.0		
53	2190	55399.0	96.0		
29	1470	54692.0	101.0	2.0	
123	5080	66102.0	177.0		
65	2680	61440.0	165.0		
65	2757	56596.0	102.0		
149	6703	67009.0	166.0		38.0
68	2740	62183.0	171.0		
103	4440	65086.0	172.0		
32	1470		129.0	9.0	120.0
80	3533	63453.0	174.0		
115	4960		178.0	43.0	560.0
127	5574	67099.0	186.0		
104	4650	64378.0	165.0		
147	5930	64106.0	165.0		24.0
140	6268	67281.0	163.0		
163	6980	68968.0	184.0		
137	5950	67716.0	182.0		
138	5720	66682.0	184.0		
135	5827	67698.0	181.0		
73	3256	63544.0	166.0		
77	3330	63435.0	160.0		
170	6860	67480.0	172.0		
66	3010	62836.0	175.0		
93	4120	64378.0	168.0		
79	3410	63000.0	170.0		
130	5610		178.0		
95	4080	64614.0	182.0	41.0	
85	3922	64868.0	172.0		
38	1550	52261.0	52.0		
107	4426	64814.0	175.0		
61	2400	60152.0	138.0	56.0	
40	1770		147.0	210.0	16.0
239	10540	71653.0	183.0		
61	2594	62002.0	170.0		
51	2240	62256.0	169.0		
109	4350	63907.0	180.0		
216	9310	70963.0	176.0		
228	10004	72560.0	187.0		
184	8168	67353.0	162.0		37.0
40	1740		151.0	5.0	70.0
101	4220	62292.0	150.0		
213	9640		189.0	80.0	1040.0
67	3007	62401.0	169.0		
73	2890	57975.0	93.0		
99	4180	64342.0	173.0		
135	5442	61476.0	125.0		
113	4990		167.0	20.0	260.0
68	2690	59390.0	144.0		
150	6240	68061.0	187.0		
78	3746	66682.0	171.0		
96	3870	64650.0	182.0	42.0	
88	3610	64288.0	179.0		
92	3750	63000.0	163.0	89.0	
109	4980	66138.0	177.0	68.0	
42	1820	62401.0	174.0		104.0
40	1940	63236.0	180.0		559.0
201	8510	70238.0	177.0		
59	2400	62274.0	178.0		
70	2680	61839.0	171.0		
154	5960	64814.0	161.0		
63	2740	64179.0	170.0		
139	6010		181.0		
101	4390	63834.0	159.0		
102	4649	65322.0	168.0	47.0	
173	7265	67698.0	171.0	126.0	
166	7116	67607.0	171.0		
70	3160	64632.0	162.0		
141	6243	65430.0	166.0		23.0
94	3880	63290.0	166.0		
88	3915	63671.0	173.0		
127	5660	66138.0	175.0		
105	4300	66029.0	185.0		
96	3430	57032.0	96.0		
87	3780	63707.0	177.0		
65	2820		173.0		
109	4520	65612.0	182.0		
162	7864	69748.0	189.0		
81	3350	63199.0	182.0		55.0
151	6610		186.0	65.0	850.0
214	8550	68188.0	169.0		
140	6590	70401.0	179.0		988.0
158	6370	67353.0	180.0		
55	2160	51952.0	59.0		
149	6354	64814.0	146.0		
170	7870	68514.0	180.0		
176	6950	65068.0	146.0		
146	6957	68260.0	176.0		
94	3635	64614.0	183.0	33.0	
117	5380	67898.0	173.0		
61	2730	62583.0	176.0		
197	8740	69947.0	185.0		
140	6109	66791.0	184.0		
114	4960	64542.0	167.0		
106	4330		161.0	28.0	360.0
72	3590	66084.0	174.0		
54	2500	65104.0	168.0		
93	4163	64215.0	170.0		
269	11995	74283.0	169.0		
35	1500	54492.0	79.0		
122	5100	66718.0	181.0		
110	4970	66029.0	182.0		
106	4504	64832.0	176.0		
89	3870	64397.0	177.0		
85	3520	63653.0	180.0		
82	3450	62310.0	154.0		
180	6070	67480.0	183.0		
60	2790	60859.0	157.0		
44	2230	61911.0	173.0		
135	6170	68750.0	186.0	106.0	
134	6077	67662.0	183.0		
138	5950	67281.0	178.0		
93	4050	64288.0	160.0		50.0
95	4270	67426.0	178.0		
58	2748	64469.0	178.0		
100	4190	64433.0	181.0		
174	7822	68496.0	178.0		
86	3551	63616.0	170.0		
122	5080	66501.0	177.0		
40	1860	60968.0	155.0		
56	2700	65721.0	186.0		
109	4420	63544.0	165.0		
30	1350	59880.0	160.0	21.0	
40	1800	62836.0	185.0		633.0
41	2380	62927.0	181.0		
95	3930	62655.0	162.0		
188	8263	69929.0	178.0		
230	10060	71235.0	177.0		
32	1540	59934.0	161.0		
149	6900	68877.0	184.0		
109	4900		182.0		
130	5440		176.0		
209	8880	69331.0	177.0		
114	5470	70256.0	184.0		
102	4580	67371.0	180.0	50.0	
134	5780		184.0	84.0	1090.0
118	5090	65775.0	173.0		
114	4920	65322.0	176.0		715.0
103	4540	65213.0	172.0		
224	8360	59934.0	56.0		
60	2540	63145.0	177.0	28.0	
43	2030	62093.0	181.0		
119	5110	65884.0	174.0	109.0	
141	6286	67118.0	174.0		
224	9770	70637.0	174.0		
109	4780	64959.0	174.0		
128	5673	66537.0	177.0		
51	2620	63145.0	170.0		
111	5030	65920.0	170.0		
101	4210	64542.0	171.0		
54	2290	61893.0	171.0		
116	4860	65249.0	179.0		
63	2560	60569.0	145.0		
125	5782	70238.0	182.0		
151	6458	67299.0	180.0		
159	6880	67970.0	176.0		
253	11202	71526.0	166.0		
258	11674	73811.0	183.0		
127	5578	65630.0	169.0		
78	3070	53476.0	49.0		
244	10661	71036.0	171.0		
106	4449	64215.0	170.0		
121	4700		163.0		
56	2563	62147.0	172.0		
145	6370	68569.0	181.0		
56	2717	62220.0	164.0		
60	2716	62256.0	178.0		
132	5220	66519.0	177.0	90.0	
145	6070	68369.0	181.0	46.0	
54	2360	65412.0	176.0		
72	2970	62419.0	163.0	38.0	
110	4557	63326.0	156.0		
53	2340	62855.0	172.0		
43	1980		162.0	27.0	351.0
64	2900	60932.0	154.0		
69	2975	61766.0	166.0		
62	2730	61857.0	171.0		
129	5840	66337.0	178.0		
215	9301	71253.0	181.0		28.0
79	3430	62891.0	160.0		
108	4650	66156.0	172.0		
155	6760	68115.0	182.0		
139	5890	67353.0	181.0		
36	2240		172.0	7.0	90.0
38	1690		159.0	3.0	40.0
136	5759	63889.0	146.0		
113	4850		176.0		
62	2860	63834.0	185.0		
87	4145	66192.0	183.0		
109	4450		118.0	29.0	380.0
116	4964	66573.0	180.0		
71	3220	63290.0	171.0		270.0
90	4140	64451.0	175.0		
32	1610	62528.0	183.0		
33	1620	61567.0	176.0		
113	5310	67172.0	164.0		
107	4600	64161.0	162.0		
55	2220	60315.0	150.0		
145	6440	67517.0	178.0		936.0
138	6091	66827.0	181.0		30.0
57	2672	62492.0	178.0		
115	4910	67226.0	175.0		
93	4060	62746.0	160.0	36.0	
57	2680	62673.0	178.0		
87	3690	65195.0	179.0		
79	3200	62347.0	168.0		
62	3090	66065.0	174.0		
42	1980	61766.0	166.0		
101	4480	67190.0	165.0	50.0	
160	7708	69512.0	181.0		
108	4676	63435.0	155.0		
69	3115	63054.0	170.0		
170	7451	68442.0	180.0		
78	3320	62437.0	174.0		
64	3040	66791.0	183.0		
149	6440	66464.0	173.0		54.0
64	2980	63834.0	181.0		
54	2640	63381.0	155.0		
151	6130	66102.0	168.0		
35	1930		175.0	45.0	585.0
68	3150	61168.0	155.0		
27	1560	60787.0	170.0		
177	7680	67861.0	172.0		
141	5900	66319.0	176.0		
155	6789	67045.0	179.0		400.0
247	10030	70383.0	174.0		
147	6620	67952.0	178.0		
132	5732	66011.0	171.0		
175	7460		159.0	22.0	290.0
178	7524	66664.0	137.0		
109	4490	60333.0	124.0		
138	5683	64850.0	167.0		
102	4540	66029.0	182.0		
55	2510	61821.0	163.0		
97	4430	65975.0	172.0		
109	4700	64687.0	164.0		
71	3040	64161.0	180.0		
77	3270	63326.0	181.0		
79	4095	65394.0	178.0		
80	3551	64451.0	179.0		
106	4640		173.0	36.0	470.0
132	5701	66410.0	181.0		
64	2988	62982.0	174.0		
71	3030	64415.0	176.0		
43	2020	61911.0	177.0		1066.0
115	4770	65938.0	172.0		
56	2485	63145.0	179.0		
144	5230	58918.0	101.0		
154	7010	69548.0	189.0		
70	3210	64378.0	181.0		195.0
122	5220	66120.0	159.0		
85	3655	63127.0	178.0		36.0
155	6735	68043.0	183.0		
86	3768	64016.0	171.0		
217	9240	69784.0	167.0		
171	7474	69385.0	185.0	90.0	
82	3480	62056.0	152.0	23.0	
71	3200		159.0	34.0	450.0
167	7160		182.0	117.0	1520.0
82	3740	64088.0	164.0		
126	5500	65811.0	178.0		
87	3800	63598.0	168.0		
104	4380	64251.0	174.0		
171	7550		174.0	63.0	820.0
116	5470	66755.0	179.0		
69	3060	63453.0	176.0		
202	9030	70056.0	185.0		250.0
87	4120	64886.0	174.0		
92	4500	66192.0	172.0	27.0	
101	4123	63707.0	170.0		
107	4700	63743.0	155.0		
40	1810	61893.0	174.0		
53	2460	61295.0	153.0		
139	6100	66755.0	184.0	34.0	
93	4170	65140.0	184.0	669.0	
191	8467	70147.0	176.0		
120	5310	67099.0	166.0		
105	4370	64469.0	178.0		
208	9083	70328.0	177.0		
159	6789	67517.0	164.0		
232	10140	72070.0	179.0		
201	8494	69149.0	180.0		
84	3646	63399.0	170.0		
124	5300		183.0	69.0	900.0
124	5210	65793.0	158.0		
165	6660		150.0	36.0	470.0
65	2590		162.0		
55	2800		182.0	21.0	270.0
64	2739	62220.0	164.0		
46	2290	62619.0	164.0		
135	5600	65467.0	172.0		
45	2030		80.0	11.0	140.0
107	4616	64324.0	172.0		
61	2807	64687.0	182.0		
135	6050	66428.0	176.0		
58	2517	59825.0	144.0		
66	3166	63199.0	176.0		
91	3710	63435.0	165.0		
123	5080	66011.0	184.0		
68	3020	62619.0	170.0		
69	3129	62546.0	168.0		
123	5190	66410.0	180.0		
75	3340	63508.0	166.0		767.0
110	4720	65539.0	179.0		
106	4660	64904.0	173.0		
121	5440	66936.0	176.0		
92	4010	63816.0	171.0		
61	2820	64124.0	182.0		
134	5612	64614.0	159.0		29.0
186	7220	68369.0	183.0		
144	6000		169.0	47.0	610.0
95	4110	64796.0	179.0		
166	7369	69113.0	182.0		
74	3170	63816.0	181.0		
127	5020	65031.0	173.0		
180	7760		176.0	86.0	1120.0
35	1930	62238.0	174.0		
62	2875	65031.0	178.0		
150	6860	69367.0	184.0		
230	9900	71417.0	185.0	137.0	
26	1330	62020.0	158.0		
199	8650		177.0		
151	6500	67317.0	178.0		
112	4900	65285.0	161.0		
81	3270		177.0	12.0	150.0
70	3570	65594.0	179.0		
72	3150		182.0	27.0	350.0
91	3864	64052.0	170.0		
114	5015	64796.0	176.0		
60	2580	63290.0	161.0		
73	2934	59916.0	146.0	32.0	
51	2120	61839.0	171.0		
249	10862	72179.0	180.0		
86	3820		155.0	35.0	460.0
119	5048	64741.0	159.0		
149	6850	68405.0	182.0		1092.0
131	5250	63254.0	153.0		
60	2620	62347.0	184.0		
141	6270	67879.0	186.0		
74	3279	62836.0	156.0		
151	6230	64850.0	160.0		25.0
34	1630	63363.0	177.0		
253	10684	71308.0	168.0		
72	3220		180.0	35.0	460.0
156	6710		183.0	114.0	1480.0
134	5823	66991.0	179.0		
35	1860	62220.0	163.0		
88	3880		174.0		
120	5280	66464.0	184.0	89.0	
111	4980	66864.0	184.0		
74	3180	64542.0	182.0		
107	4770	66229.0	180.0		
124	5270	66827.0	181.0	107.0	
35	1670	59045.0	138.0		
43	1740	60950.0	165.0		
43	2030	61730.0	165.0		
41	2060	60823.0	158.0		
43	2200	61077.0	112.0		
61	2590	62002.0	169.0		
120	5400	68061.0	178.0		
60	2610	63054.0	182.0		
245	10689	71997.0	183.0		
123	5701	70111.0	178.0		
90	3790	62746.0	160.0		
48	2540		173.0	23.0	300.0
122	4840	63925.0	165.0		
146	6570		175.0	80.0	1040.0
69	3154	62927.0	164.0		
55	2520	62546.0	172.0		
55	2650		172.0	10.0	130.0
178	7590		183.0	91.0	1180.0
157	6880	67607.0	181.0		
118	5111	64433.0	159.0		
141	5900		177.0	35.0	450.0
144	6240	68006.0	181.0		
99	4045	63090.0	167.0		
23	1090	47037.0			
69	3252	62111.0	165.0		
122	5673	66483.0	177.0		
51	2030	59880.0	145.0		
110	4600	61385.0	134.0		
109	4620	64542.0	164.0		
107	4670	66174.0	186.0		
31	1710	61966.0	174.0	57.0	
126	5600	67118.0	180.0		
217	9120	68369.0	160.0		
119	4910	62691.0	148.0		
109	4549	59372.0	116.0		
134	5832	65521.0	174.0		18.0
165	7151	70455.0	181.0		
110	5110	69058.0	187.0	42.0	
55	2610	61131.0	157.0		
144	6088	66047.0	177.0		
118	5190	67154.0	184.0		
181	7960		179.0	67.0	870.0
132	5590	67009.0	177.0		
152	6553	66918.0	166.0		
72	3200	64433.0	177.0		
80	3220	63181.0	170.0		
112	5350		187.0	96.0	1249.0
107	4650	66120.0	179.0		
52	2350	63943.0	179.0		
91	3741	62927.0	165.0		
144	6060		184.0		
166	7240		175.0	83.0	1080.0
154	5909		138.0		
146	6640	67444.0	176.0		
40	1840	61113.0	156.0		
160	7070	69439.0	165.0		858.0
90	3900		167.0	21.0	270.0
71	2972	61222.0	161.0		
76	3199	64941.0	183.0		
176	7440	69421.0	186.0		
68	2770	61385.0	162.0		
142	6110		184.0		
60	2830		172.0	22.0	290.0
75	3390		177.0	14.0	190.0
84	3770	64941.0	167.0		
94	4279	59680.0	122.0		520.0
60	2480	62673.0	175.0		260.0
31	1520	61367.0			
144	6336	69113.0	185.0	79.0	
57	2590	65013.0	170.0		
50	2220	62927.0	174.0		364.0
101	4130	64505.0	171.0		
34	1590	61295.0	168.0		
42	1830	53676.0	81.0		
42	1820	58193.0	142.0	13.0	
72	2970	61839.0	167.0		
151	6549	66718.0	183.0		
114	4770	65503.0	189.0		
110	4902	66156.0	179.0		48.0
117	5060	68025.0	184.0		
162	6857	67607.0	173.0		
54	2490	62419.0	169.0		
75	3329	64741.0	170.0		
84	3730	61131.0	107.0		
149	6380	67898.0	182.0		
136	6030	67263.0	177.0		
164	6939	67952.0	178.0	108.0	
131	5640		166.0	68.0	880.0
95	4080	64451.0	180.0		
73	2940		183.0	11.0	200.0
55	2366	61839.0	172.0		410.0
72	2930	61059.0	150.0		
127	5300		176.0	84.0	1090.0
156	7130	68188.0	181.0	71.0	
57	2130	46801.0			
12	871	58374.0			
98	3720	58392.0	118.0		
108	4843	66519.0	169.0	82.0	
160	6910	65122.0	159.0		
170	7351	68696.0	174.0	74.0	
151	6370	66573.0	176.0	79.0	
32	1600		170.0	9.0	110.0
124	5500	66011.0	171.0		
88	3680	59970.0	138.0	35.0	
127	5520	66791.0	180.0		31.0
144	6295	66628.0	176.0		
86	3610	62782.0	155.0		
100	4270	64124.0	166.0		
79	3180		137.0	40.0	520.0
193	8716	69149.0	177.0		
35	1730		170.0	3.0	40.0
61	2767	61639.0	166.0		
114	4971	65521.0	183.0		
159	7110	69802.0	177.0	123.0	
111	4500	63907.0	158.0	59.0	
89	3980	63562.0	156.0		
177	6950				
46	1450	48560.0			
44	2610	63598.0	157.0		
51	2250	58682.0	125.0		
126	5710	67208.0	177.0		
60	2520	56723.0	113.0		
73	3200	62855.0	168.0		23.0
78	3260	62111.0	157.0		
58	2370	58066.0	117.0		
105	4262	63889.0	172.0		
218	9355	70981.0	180.0	24.0	
91	3620		106.0	34.0	450.0
132	6209	67934.0	184.0	44.0	
146	6068	65521.0	170.0		25.0
119	5230	66410.0	181.0		
62	2940	66864.0	175.0		
103	4470	65086.0	181.0		
244	10186	68478.0	153.0		
130	5350	65376.0	163.0		
105	4290	62238.0	147.0		
233	10580	71181.0	177.0	94.0	
87	4100	64179.0	171.0	65.0	
116	5180	66573.0	150.0	93.0	
135	5720	66410.0	165.0	104.0	
73	3050	58193.0	108.0	21.0	
52	1990		70.0	9.0	117.0
72	2850	62056.0	170.0		
59	2800	59118.0	150.0		
87	3410	62673.0	168.0		
242	10420	71834.0	175.0		
174	7210	67299.0	159.0	82.0	
145	5891	64288.0	157.0		
146	5830	65122.0	168.0		
114	5020		182.0		
133	5401	64596.0	163.0		19.0
74	3279	57376.0	71.0		
80	3430	62256.0	175.0		28.0
86	4480	68061.0	181.0	119.0	
126	5280	65195.0	172.0		
160	6970	68387.0	180.0	55.0	
72	2930	58537.0	119.0		
121	5470		183.0	67.0	870.0
89	3830	62764.0	157.0	12.0	
73	3110	62274.0	165.0		
92	3720	63997.0	180.0		
108	5005		168.0	28.0	360.0
195	8266	69385.0	171.0		1000.0
130	5773	67408.0	183.0	56.0	
206	9370		186.0	80.0	1040.0
146	6272	67154.0	164.0	42.0	
33	1700	57685.0	129.0	25.0	
65	2800	62836.0	165.0		
109	4660	65412.0	173.0		
249	10830	73249.0	173.0		
181	7850	69784.0	180.0		
70	2989	56578.0	103.0		
142	6090	67988.0	183.0		
102	4233	62419.0	147.0	22.0	
120	5430	66918.0	181.0		
91	3950	62220.0	147.0		
69	3050		151.0	19.0	250.0
118	4850	64977.0	171.0	34.0	
104	4277	61712.0	138.0	57.0	
232	10322	69784.0	165.0		
173	6884	63254.0	119.0		
61	2840	63816.0	178.0		
134	5932	66065.0	169.0		
28	1330	56524.0	115.0		
76	2940	57848.0	113.0		
137	5761		178.0		
158	6560		166.0	40.0	520.0
90	4070	67462.0	182.0		
61	2893	59063.0	140.0		
20	970	47490.0			
68	2920	58555.0	123.0	41.0	
122	5020	62909.0	156.0		180.0
63	2662	58646.0	129.0		
30	1400	53023.0	79.0	14.0	
107	4866	64469.0	174.0		
108	4544	63580.0	160.0	51.0	
182	8060	70709.0	183.0		
133	5780		174.0	34.0	440.0
155	6740	67789.0	181.0		
71	3480		179.0	46.0	600.0
78	3215	62655.0	161.0		
66	2600		102.0	9.0	100.0
33	1600	59063.0	143.0		
262	11419	71526.0	170.0		
90	3700	62183.0	155.0		
121	5050		178.0	45.0	600.0
159	6906	66809.0	172.0		
71	2760	56560.0	108.0	17.0	
104	4430		178.0	139.0	1310.0
190	8100		185.0	70.0	910.0
12	910	60351.0	165.0		
47	2010	47200.0			
58	2320		102.0	22.0	290.0
120	5030	64723.0	169.0		
72	2761	54420.0	74.0	12.0	
108	4420	62238.0	146.0		
120	5029	63508.0	156.0	61.0	
35	1746	52787.0	70.0		120.0
146	6408	66229.0	173.0		22.0
173	6850	65993.0	165.0		
112	4840	64814.0	170.0		31.0
113	4580	65177.0	180.0		
112	4770	64378.0	172.0	36.0	
55	2440	63399.0	179.0		
93	4130	67916.0	187.0		
37	1740		149.0	4.0	50.0
148	6649	67698.0	182.0		
65	2620	57703.0	118.0		
80	3900	66047.0	176.0	92.0	
52	2320	62782.0	170.0		
78	3350	62963.0	166.0		
83	3510	61403.0	139.0		
118	4850	64342.0	161.0		32.0
34	1780	62329.0	173.0		
152	6590	67480.0	174.0	46.0	
139	5970		169.0	79.0	1030.0
70	3260	61821.0	156.0		
167	7252	69530.0	183.0	65.0	
121	5400	65430.0	171.0		
140	5844	65902.0	170.0		31.0
110	4000				
121	5030	65340.0	172.0		
74	2850	57521.0	113.0	10.0	
56	2295	56542.0	99.0		
44	1877	49540.0	25.0		
106	4590	66664.0	162.0		
67	2750	61730.0	162.0		
60	2499	55018.0	91.0		
57	2280	59263.0	138.0		
76	3510		157.0	53.0	340.0
96	4210		174.0		
100	3470	54166.0	69.0		
116	4800	64106.0	161.0		
122	5764	69167.0	165.0		
91	3700		164.0	56.0	730.0
53	2110	58501.0	131.0		
160	6300	64451.0	143.0		
79	3200	62347.0	167.0		
141	5740	67136.0	186.0		
73	3440	64215.0	174.0		
312	12870	74283.0	187.0		
246	10450	70383.0	153.0		
121	5259	63834.0	158.0		
33	1570	60333.0	165.0		
163	6590	65902.0	171.0		
148	6250	69458.0	173.0	97.0	
66	2800	60859.0	129.0		
127	5350		166.0	40.0	520.0
72	2880	59462.0	135.0	23.0	
58	2780	61585.0	149.0		
130	5560	65920.0	177.0	60.0	
61	2800	61875.0	152.0		
57	2420	59916.0	145.0	20.0	
30	1351	51045.0	52.0		
91	3750	62637.0	164.0		
42	2020	60678.0	144.0	25.0	
38	2136	59880.0	139.0		
76	2930	62437.0	174.0		
64	2550	56868.0	107.0		
111	4780	64669.0	173.0		
106	4390		172.0	72.0	430.0
133	5900	66501.0	148.0		
172	7600	68786.0	185.0		
128	5560		178.0	50.0	650.0
53	2567	62564.0	174.0		
39	1780		134.0	8.0	100.0
129	5370	62982.0	140.0	30.0	
136	5732	65449.0	172.0		
58	2630	64124.0	172.0		
120	5170	64052.0	164.0		
136	5505	60714.0	109.0		
78	3250	62147.0	168.0		
114	4740		139.0	67.0	870.0
107	4700	65503.0	181.0		
146	5900	67335.0	178.0	79.0	
109	4870	65050.0	163.0		
108	4530		179.0	60.0	780.0
532	17680				
74	2890	59589.0	136.0		
119	5230	65557.0	165.0		
120	5730	67390.0	184.0		
88	3150	54946.0	81.0		
147	6186	67571.0	179.0		
68	3184	60732.0	138.0		
153	6830	68369.0	179.0		
131	5870	67244.0	180.0	75.0	
117	4740	64560.0	171.0		
116	4890	64977.0	173.0		
129	5200	65013.0	184.0		
124	5370	65086.0	175.0		
164	7240	70764.0	182.0		
95	4400	66755.0	163.0		38.0
94	4000	64904.0	180.0		
128	5333		175.0		
160	6684	67843.0	176.0		
122	4840		134.0	32.0	410.0
128	5397	65557.0	174.0		
146	5830	64469.0	167.0		24.0
59	2680	59662.0	139.0		
93	4030	65031.0	176.0		
141	6260	68514.0	184.0		
30	1210	48996.0			
57	2136	50356.0	31.0		
55	2360	61295.0	151.0		
39	1878	59136.0	131.0		310.0
228	9814	69766.0	168.0		
132	6099	66718.0	177.0		
127	5124	65848.0	171.0		
103	4236	60079.0	121.0		
160	6920	68188.0	180.0		
67	2580	58029.0	111.0		
105	4490	63762.0	157.0		
171	7210	68424.0	179.0		
169	7537	69657.0	184.0		
259	11740		182.0	85.0	1110.0
51	2249	48052.0			
54	2431	57739.0	114.0		
269	11138	71507.0	170.0		
64	2806	61041.0	157.0	34.0	
55	2740		151.0	20.0	260.0
147	5733	63961.0	158.0		
136	5590	66464.0	183.0		
112	5300	68932.0	183.0	83.0	
230	10095	72777.0	182.0		
142	6090	67607.0	177.0		
152	6590	69984.0	183.0		
194	8222	68623.0	181.0	71.0	
33	1660	61095.0	168.0		
58	2430	58991.0	122.0		
115	4880	63272.0	151.0		
123	5430	65376.0	162.0		
58	2370	57467.0	85.0		
98	4000	63943.0	174.0		
53	2480	63272.0	149.0		
93	4045	61984.0	149.0		
63	2771	62800.0	175.0		
60	2749	57141.0	112.0		
155	5860	60623.0	119.0		
140	5930	66011.0	182.0		
124	4850	59952.0	118.0		
137	5740	66446.0	176.0	67.0	
78	3440	61422.0	150.0		
109	4557	63471.0	160.0		
214	9280	71290.0	184.0		
104	4410	64505.0	171.0		
110	5702	71036.0	166.0		
127	6000	68006.0	179.0		
185	7823	69693.0	179.0		39.0
81	3450	65158.0	156.0		
158	6600	68224.0	184.0		
172	7230	69131.0	180.0		
333	13760	74283.0	186.0		
119	5048	64215.0	154.0		
139	5700	66247.0	176.0		
68	3100	65213.0	176.0		
114	4370	62474.0	155.0		
140	5910	66501.0	176.0		
112	4940		162.0		
146	6290	67027.0	171.0		
129	5540	65811.0	175.0		
133	5687	67571.0	182.0	48.0	
50	2500	63961.0	155.0		
143	6090	66337.0	173.0		
29	1400	54184.0	94.0	9.0	
51	2160	56433.0	125.0		
61	2690	56850.0	110.0		
65	2630	59245.0	135.0		
224	9890	72451.0	183.0		
207	8870	68750.0	156.0		
98	3820	58519.0	114.0		
136	5280	66610.0	177.0		
37	1740	58120.0	143.0		
196	8490		180.0	77.0	1000.0
87	3828	58102.0	103.0		
119	5260	67099.0	184.0		350.0
42	1920	62093.0	173.0		
217	9480	70492.0	178.0		
66	2530	56923.0	113.0		
68	2789	60460.0	154.0		
113	5030	64342.0	150.0		
147	6771	67317.0	177.0		
73	3340		185.0	37.0	480.0
143	6540	69204.0	181.0		
108	5070	67299.0	160.0		
104	4592	64270.0	166.0		
93	3860	62129.0	153.0		
39	1910	63127.0	179.0		
162	6600		164.0	82.0	1060.0
120	5400	66446.0	176.0		
179	7240	69222.0	183.0		
70	2836	61494.0	162.0		
31	1310	54129.0	99.0		
137	5900	66446.0	179.0		
134	5782	66700.0	183.0	47.0	
138	5882	65630.0	156.0		32.0
169	7414	68043.0	169.0		
220	9723	71399.0	188.0		
92	3700		173.0	47.0	620.0
159	6590		180.0	67.0	880.0
80	3220	61059.0	154.0		
69	2990	63616.0	176.0		
168	7110	67825.0	176.0		
56	2540	64270.0	176.0		
49	2250	62238.0	169.0		
186	8181	69548.0	178.0		
71	3310	60877.0	141.0		
117	4780		166.0	15.0	200.0
76	3330	63490.0	177.0		
213	8743	67934.0	167.0		
29	1150				
57	2500	63834.0	161.0		
111	4860	65467.0	170.0		
159	6820	68206.0	180.0	93.0	
138	6109	67335.0	182.0		
145	6270	66845.0	174.0		
84	3450	60369.0	143.0		
120	5492	67154.0	176.0		
86	3700	62274.0	157.0		
55	2648	61839.0	165.0		
138	5650	66229.0	181.0		
143	6350	66356.0	169.0		22.0
222	9710	70709.0	167.0	75.0	
42	2000		184.0	4.0	50.0
61	2662	60351.0	142.0		
39	1828	59952.0	155.0		
144	6270		176.0	60.0	780.0
132	5810	68333.0	173.0	70.0	
96	4400	66809.0	177.0		
131	5620	65920.0	168.0		
186	7991	68478.0	180.0		37.0
146	6720		160.0	49.0	637.0
130	5450	66791.0	186.0		
69	3057	62492.0	173.0		
56	2570		175.0	17.0	220.0
77	3410	65430.0	172.0		
88	5100				
159	7034	68714.0	177.0	35.0	
61	2890	59245.0	136.0		
185	7900	68786.0	182.0		
167	7396		184.0	93.0	1210.0
140	5918	65884.0	174.0		
102	3640	54619.0	74.0		
99	4145	65031.0	176.0		
165	7165	67970.0	172.0		
51	2450	61784.0	154.0		
75	3429	63435.0	163.0		
124	5280	65449.0	171.0		495.0
94	4040	64959.0	184.0		
53	2631	63852.0	172.0		
63	2650	62401.0	168.0		
95	3740	64016.0	177.0	31.0	
62	2760		159.0	39.0	507.0
41	2290	64306.0	161.0		
51	2320	64415.0	161.0		
124	5100	63816.0	162.0		
29	1470	59245.0	156.0	42.0	
53	2320	62419.0	160.0		
63	3016	63834.0	179.0		
62	2948	62728.0	176.0		
35	1490	56034.0	104.0		
118	5100	67208.0	155.0		
130	5678	65358.0	156.0		
132	5680		173.0	51.0	660.0
124	6222	71036.0	186.0		
145	6290	68115.0	179.0		
144	6220	67099.0	178.0	85.0	
197	8961	70999.0	186.0	108.0	
77	3600	66773.0	184.0		
99	4200	64850.0	185.0		
77	3056	61022.0	158.0		
61	2921	63381.0	169.0		
41	1920		171.0	58.0	754.0
54	2170	56941.0	115.0		
176	7351	69385.0	178.0	84.0	
20	962	49413.0			
56	2612	62583.0	176.0		
107	4690	65957.0	172.0		
107	4408	63816.0	164.0		
155	7003	68315.0	179.0		
181	7650	69258.0	168.0		
122	5211	64161.0	154.0		
162	7252	68641.0	181.0		49.0
120	4990	65975.0	181.0		
129	5818	65848.0	167.0		
163	7247	68986.0	180.0	50.0	
1440	3060	65358.0	162.0		
176	7405	69712.0	179.0		
85	3600	64306.0	166.0		
112	4651	65757.0	182.0		
171	7669		169.0	35.0	460.0
150	6620	68442.0	178.0		59.0
118	5070	64306.0	161.0		
131	5670	66537.0	174.0		
143	5820	64759.0	157.0		
57	2616	62093.0	168.0		
149	6460	68587.0	189.0		
70	3090	63399.0	167.0	57.0	
59	2500		164.0	25.0	330.0
177	7780		169.0	49.0	640.0
170	7550	69675.0	187.0	51.0	
144	6380	67498.0	179.0		
241	10900		163.0	79.0	1030.0
37	1670		166.0	6.0	80.0
55	2380	62945.0	176.0		
87	3670	64959.0	167.0		
77	3470	60315.0	126.0		
41	1970		169.0	45.0	590.0
93	3750	61095.0	136.0		
60	2620		172.0	52.0	660.0
131	5556	66029.0	178.0	83.0	
116	5052	67644.0	187.0	83.0	
74	3256	64415.0	176.0		
74	2850	62655.0	167.0		
62	2750	62782.0	179.0		
57	2300	58900.0	130.0		
156	6925	68315.0	180.0		
180	7370	68768.0	178.0	75.0	
118	5070		168.0	84.0	650.0
98	4177	64796.0	183.0	68.0	
87	3370	54837.0	78.0		
79	3428	61258.0	150.0		
148	6170	65086.0	160.0		19.0
175	7280	68532.0	185.0		
78	3470	64016.0	172.0		
106	4325	63308.0	169.0		
231	10200	70383.0	171.0		
90	3500	59608.0	131.0		
118	5000		181.0	72.0	940.0
66	2670	56324.0	97.0		
89	4168	65140.0	179.0		
138	6120	66211.0	174.0		
81	3610	63217.0	178.0	59.0	
103	4467	64796.0	170.0		
70	2890	61349.0	158.0		
81	3570	63417.0	172.0		
82	3342	57939.0	112.0		
123	4980	65177.0	182.0		39.0
172	7550	68278.0	168.0	82.0	
130	5905	67970.0	185.0		
147	5930	65068.0	170.0		15.0
108	5000	68006.0	177.0		
86	4250	66918.0	179.0	114.0	
84	3710	61821.0	151.0		
115	4870	64886.0	174.0		
66	2730		108.0	19.0	250.0
94	3490	54909.0	72.0		
160	7490		181.0	111.0	1440.0
98	4181	62347.0	147.0		
149	6560		176.0	41.0	540.0
154	6750	68278.0	177.0		
120	5340		183.0	45.0	590.0
20	1190		155.0	65.0	840.0
67	3140	65013.0	180.0		
157	6671	67752.0	183.0		
70	2916	61222.0	165.0		
37	1740	63308.0	179.0		
80	3220	60642.0	147.0		
79	3400	63997.0	174.0		
121	5530		154.0	26.0	340.0
80	3646	62619.0	159.0		
168	7319	69131.0	180.0	49.0	
530	17500				
113	4520	63997.0	170.0		
137	5981	67045.0	169.0		
240	10650	74120.0	183.0		
112	4690	65430.0	178.0	67.0	
206	9246	72233.0	184.0	145.0	
150	6960		186.0	60.0	780.0
134	5859		182.0	46.0	600.0
197	8644	70038.0	178.0		
207	9320	69439.0	174.0	92.0	
93	3959	64124.0	179.0	47.0	
120	5174	64487.0	163.0		
67	3130	64288.0	171.0		
54	2570		169.0	16.0	210.0
78	3210	60914.0	135.0		
92	3770	64088.0	178.0	26.0	
109	4690		176.0	26.0	340.0
143	6217	66718.0	170.0		
53	2680	64995.0	181.0		
149	6458	67517.0	182.0	45.0	
60	2600	61422.0	158.0		
165	6760	67898.0	181.0		
29	1420	59390.0	151.0	22.0	
82	3380	64868.0	169.0		15.0
144	6070	66047.0	178.0		
145	5900	67498.0	23.0		
234	9795	71979.0	182.0		
139	5860	66882.0	183.0		
125	5050	66192.0	176.0		
137	5701	64796.0	165.0		
80	3347		167.0		
203	8600	69766.0	178.0		
136	6180	68079.0	177.0	20.0	
93	3310	56125.0	82.0		
161	7047	69004.0	182.0		
151	6870	67934.0	183.0		
153	6380	66827.0	177.0		
36	1770		153.0	5.0	70.0
51	2520	64523.0	161.0		
115	4770	65013.0	170.0		
101	3930	60932.0	146.0		
70	2760	59354.0	139.0		
94	4250	65848.0	180.0		
119	5100		165.0	73.0	950.0
144	6190		174.0		
147	6050	66864.0	168.0		
57	2800	63109.0	175.0		
138	5590	65430.0	171.0		29.0
39	1710	59916.0	157.0		30.0
183	8270	71471.0	177.0		
116	5230	68351.0	176.0		
33	1670		173.0		
171	7492	69820.0	187.0		
118	5023	65140.0	172.0		
73	3390	63870.0	164.0		
165	6204	60714.0	105.0		
59	2520		162.0	14.0	180.0
34	1590	62002.0	169.0		
202	8993	71435.0	183.0	119.0	
103	4890	67952.0	177.0	105.0	
87	4331	66483.0	180.0		
76	3243	61331.0	158.0		
114	4990		167.0		
135	5890		178.0	34.0	450.0
148	6394	66229.0	167.0		30.0
91	3900		181.0	30.0	390.0
45	2086	59644.0	143.0		
50	2370	62020.0	171.0		
42	1600	46710.0			
27	1401	50519.0			
59	2670	64270.0	185.0		
155	6630	67281.0	180.0	44.0	
29	1380	57775.0	133.0	13.0	
88	3300	61041.0	168.0		
100	4500		166.0		
152	6510	66555.0	175.0		
69	3424	64197.0	176.0	5.0	
221	9523	70600.0	181.0		
117	5280	68659.0	173.0	107.0	
120	5080	63997.0	164.0		
134	5903	66537.0	182.0		
70	2860		164.0	46.0	598.0
131	5590	66501.0	184.0	62.0	
153	6770	68641.0	186.0		
92	3660	60515.0	136.0		
33	1660	63199.0	183.0		
84	3710		178.0	86.0	1120.0
143	6170	67843.0	184.0		
123	5100	65267.0	172.0		
25	1229	61512.0	171.0		
67	2858	62528.0	180.0		
141	5750	65703.0	178.0		
62	2480	59100.0	142.0		
88	3630	63363.0	173.0		
84	3430	64124.0	176.0		
72	3520		184.0	64.0	830.0
93	4030	64052.0	142.0		
128	6020		182.0		
83	3760	64288.0	170.0		
54	1940				
25	1280	48143.0			
69	2990	63018.0	177.0		
57	2750	64814.0	179.0		
56	2630	63889.0	180.0		
118	5052	65340.0	182.0		
57	2829	64542.0	188.0		
48	2330	65666.0	176.0		
55	2540		173.0	17.0	220.0
33	1714	62818.0	167.0		
65	2560	62093.0	174.0		
128	5890	69585.0	183.0	79.0	
140	6027	66900.0	177.0		
112	4780	66628.0	175.0		
120	5937	69675.0	175.0		
126	5492	65412.0	174.0		
137	5805	65957.0	174.0		
194	7990	69784.0	184.0	124.0	
141	6284	67190.0	183.0		
187	8304	69349.0	186.0	129.0	
238	10250	72686.0	169.0	86.0	
148	6290	68097.0	181.0		
167	7090		172.0	63.0	820.0
159	6950		181.0	112.0	1460.0
65	2880	63363.0	172.0		
223	10018	71344.0	174.0		
109	4730	64995.0	179.0		
128	5412	65104.0	175.0		
97	4263	65177.0	172.0		
161	6540	67571.0	176.0		
68	2750	61476.0	169.0		
120	5240	63671.0	178.0		
112	4470	63326.0	158.0		
60	2485	59354.0	136.0		
131	5527	65684.0	181.0		
148	6250		144.0	31.0	400.0
156	5732	59372.0	89.0	23.0	
142	6241	66537.0	174.0	95.0	
182	6760	53422.0			
115	5230	66845.0	186.0		
166	7025	68133.0	182.0	57.0	
96	3977	64469.0	171.0		
40	1690	62238.0	175.0		
52	2359	61676.0	172.0		
98	4417	65557.0	185.0	27.0	
118	5490		185.0	71.0	920.0
147	6080	65285.0	169.0	28.0	
186	8100	70219.0	184.0		
115	4520	62728.0	145.0		
61	2370	62256.0	168.0		
167	7500	69730.0	186.0		
146	6310		165.0	60.0	780.0
88	3732	64360.0	179.0		
76	3160	63326.0	166.0		
129	5710	67081.0	184.0		
41	1840	60025.0	149.0		
78	3306	63072.0	173.0		
129	5450	65430.0	172.0		
68	2900	63344.0	176.0		
65	2653	60043.0	136.0		
87	4250	64886.0	172.0	22.0	
71	3420	64360.0	171.0		
87	3580	64705.0	184.0		
130	5370	66301.0	174.0	44.0	
119	5210	65739.0	173.0	61.0	
152	6130	66700.0	180.0		61.0
103	4360	64995.0	184.0		
225	9820	71417.0	175.0		
143	6060	67916.0	180.0		
157	7280		183.0		
61	2957	63562.0	175.0		
100	4420	63943.0	158.0		
39	1470				
210	8670				
66	2690		165.0	22.0	286.0
61	2640	61857.0	155.0		
92	4000	63834.0	170.0		
97	4170	64741.0	169.0		
60	2460	61059.0	161.0		
55	2760	62474.0	175.0		
29	1350	58120.0	136.0	18.0	
102	4177		159.0	55.0	720.0
138	6540	70655.0	189.0	68.0	
170	6840	68151.0	182.0		
88	3654	63725.0	176.0		
137	5340	64886.0	157.0		13.0
115	5370	65322.0	186.0		
158	6950	69022.0	189.0		
150	6510		180.0	77.0	1000.0
155	6360	66628.0	184.0		
118	4890		166.0	35.0	460.0
132	5438	65793.0	177.0		
74	3230	63127.0	171.0		
133	6027	67535.0	183.0		
83	3960	67879.0	166.0		
101	4495	64959.0	171.0		
38	2050		163.0	14.0	180.0
150	6670	68278.0	181.0		
83	3760	63870.0	185.0		
65	2610	56760.0	114.0		
95	4376	64923.0	171.0		
43	1930	58809.0	132.0		
95	4458	67625.0	179.0		
128	5873	67244.0	184.0		
134	5800		176.0	52.0	680.0
33	1410	48542.0			
95	4468	65811.0	182.0		
49	2450	65902.0	179.0		
37	1740	60986.0	153.0		
141	6380	67190.0	178.0		
77	3560	64832.0	171.0		
139	6353	68913.0	176.0		
152	6530		187.0	63.0	820.0
194	8236	69657.0	180.0		40.0
62	2850	61966.0	172.0	28.0	
87	3492	61802.0	165.0		25.0
116	4810	64197.0	172.0		
100	4570	65412.0	174.0		
165	6721	67390.0	176.0	47.0	
87	3610	61857.0	160.0		
139	6040		179.0	33.0	429.0
81	4130	64197.0	180.0		
92	4240	66065.0	178.0		
160	7050	68877.0	179.0		
155	6990		177.0	100.0	1300.0
62	2610	65430.0	178.0		
125	5380	66537.0	177.0	85.0	
71	3000		161.0	11.0	140.0
68	3300	64161.0	182.0		
78	3500	64741.0	156.0		
87	3940	65412.0	161.0		
117	4100				
39	1510	48343.0			
81	2700	49268.0			
57	2470		183.0	41.0	540.0
94	3860	62855.0	180.0		
86	3510	62238.0	180.0	50.0	
519	16930				
95	3960	63290.0	167.0		
92	3800		187.0	19.0	170.0
67	2800	62945.0	182.0		
160	6690		169.0		
243	9780	70292.0	180.0		
160	7007	67988.0	176.0		18.0
221	9455	71163.0	178.0		
200	8610	69839.0	178.0		
131	5485	65430.0	183.0		
132	5440	65630.0	179.0		
103	4550		183.0	32.0	483.0
141	6060		186.0	20.0	260.0
36	1710	60895.0	165.0		3.0
158	6575	68442.0	179.0		
60	2650	62546.0	175.0		
139	5560	65267.0	175.0		
190	8330		167.0	18.0	230.0
237	10600	72287.0	183.0	122.0	
127	5983	68297.0	186.0		
25	1060		161.0	12.0	160.0
129	5650	67480.0	186.0	80.0	
75	3161	62419.0	168.0		
82	3646	64814.0	183.0		
79	3760		179.0	19.0	250.0
100	6770	64705.0	143.0		
113	4600	63109.0	154.0		
13	635	46764.0			
122	5500	68514.0	162.0		
118	5019	65285.0	169.0		
29	1570	58701.0	147.0	20.0	
79	3450	65031.0	180.0		
74	3380		166.0	21.0	273.0
112	4460	64016.0	173.0		
78	3470	64324.0	178.0	59.0	
109	4330	64288.0	170.0	40.0	
225	10100	72124.0	180.0		31.0
118	4810	66519.0	183.0	105.0	
121	5610		183.0		
161	7440		177.0	21.0	270.0
153	6760	67317.0	180.0		
155	6630		176.0	82.0	1070.0
137	5680	64832.0	167.0		
173	7500		168.0	45.0	590.0
92	3920	64052.0	163.0		
175	7891	67498.0	168.0		
158	6890		173.0	60.0	780.0
86	3880		163.0	29.0	380.0
70	3018	63671.0	169.0		
131	6090		177.0	23.0	300.0
87	3940	64904.0	181.0		
178	7780		179.0	20.0	260.0
63	2860	64904.0	183.0		
94	3150	48288.0			
166	5400	50556.0			
60	2160				
48	2440	65975.0	172.0		
38	1710		182.0	11.0	140.0
175	7170	68750.0	183.0		
53	2476	61549.0	171.0		
63	2984	63417.0	181.0		
98	4100	62945.0	146.0		
54	2250	59027.0	153.0		
136	6072	66972.0	177.0		
123	5193	64650.0	172.0		
134	6120	67807.0	181.0		
76	3400		174.0	33.0	430.0
70	3100	63544.0	167.0		
45	2200	61295.0	165.0		
99	4350		168.0	48.0	620.0
86	3720	65449.0	183.0		
152	6202		140.0		
181	7230		186.0	56.0	730.0
169	6930		171.0	53.0	690.0
93	4150		163.0	11.0	140.0
158	6980		165.0	53.0	690.0
43	2220	64923.0	176.0		
61	2770	62909.0	170.0		
103	4490	65612.0	181.0		
138	5650	67625.0	186.0		
81	3290	64052.0	175.0		
158	6490	62982.0	126.0		
142	5970	67789.0	188.0	111.0	
160	7123	69276.0	187.0	100.0	
78	3170	63961.0	186.0	88.0	
72	2910	63145.0	184.0	80.0	
46	2200	62129.0	174.0	90.0	
173	7040	69548.0	183.0		
147	5820	65177.0	178.0		
78	3510	64143.0	166.0		
81	3340	64523.0	177.0		54.0
183	7930		169.0	59.0	770.0
83	3440	64687.0	178.0		
156	6790		175.0		
140	5820	64814.0	173.0		
261	10870	67553.0	137.0		
71	3156	64143.0	169.0		
32	1590	61857.0	179.0		
252	11070	72886.0	183.0		
147	6376	67263.0	179.0		
157	7400	70020.0	189.0		
134	6130	67916.0	181.0		
151	6570		180.0	102.0	1330.0
43	2330	65830.0	178.0		
49	1540				
76	3220	62310.0	178.0		
56	2510	62147.0	176.0		
118	5270	66537.0	176.0		64.0
89	3790		148.0	29.0	377.0
106	4690	63653.0	163.0	39.0	
132	5134	63961.0	159.0		29.0
224	9400	69512.0	176.0		
103	4345	64632.0	174.0		
138	6060	66972.0	173.0		
345	14550	74283.0	186.0		
100	4070	64941.0	186.0		
182	8037	69965.0	178.0		
124	5546	67154.0	189.0		
76	3360	65467.0	171.0		
71	3210	64034.0	180.0		
62	2630	62020.0	157.0		
130	5190	64669.0	180.0		236.0
275	11590	72451.0	183.0	116.0	
108	4651	64215.0	161.0		
34	1630		135.0	9.0	120.0
162	7200	68442.0	181.0		
171	6730		158.0	77.0	720.0
43	2470	63090.0	151.0		
129	5900	67898.0	180.0		
66	2780	60841.0	144.0		
85	3723	63090.0	170.0		
86	3860	66755.0	170.0		
118	4821	64614.0	175.0		
185	8200	70365.0	186.0	107.0	
143	6520	70056.0	178.0		
74	3330	63635.0	186.0		
261	11274	71725.0	181.0		
45	2230	62020.0	175.0		
174	7370		176.0	117.0	1520.0
195	8948	70365.0	175.0		
142	6113	69022.0	166.0		
148	6530		179.0		59.0
255	11020	73666.0	186.0		
81	3610	63036.0	169.0		
64	2835	62909.0	184.0		
88	3740	63979.0	174.0		
149	6460	66573.0	175.0		
220	9523	70310.0	168.0		
104	4176	63308.0	160.0		
140	6000		184.0	52.0	680.0
120	5700		182.0	52.0	680.0
133	5830		181.0	80.0	1040.0
58	2560	63290.0	169.0		
64	2760		144.0	25.0	
142	5670		167.0	37.0	480.0
163	5664	52152.0			
109	4880	66319.0	162.0		
91	3870	63399.0	174.0	80.0	
64	2710	61458.0	158.0		
174	7520		181.0	56.0	730.0
69	2850	61929.0	170.0		
93	4070		167.0	34.0	400.0
253	10725	71526.0	180.0		
259	11410	73194.0	187.0		
148	6440	66047.0	165.0		44.0
169	7619	69077.0	185.0		
71	3240	67825.0	179.0		
175	7390	68768.0	182.0		
94	4059	65140.0	174.0		
89	3720	63163.0	166.0		
83	3720	64378.0	149.0		
161	6910		177.0	37.0	490.0
151	6070	66102.0	178.0		
116	4910	64868.0	176.0		
96	4217	65322.0	179.0		
64	2790	61712.0	165.0		
34	1600		160.0	13.0	170.0
119	5470	67716.0	186.0		
135	4880	59753.0	114.0		
175	7180		155.0	45.0	590.0
129	5623	66864.0	178.0		
219	9800	71816.0	177.0		
174	7270	69222.0	182.0		
70	3442	64904.0	162.0		
196	8290		184.0	100.0	
90	3740	62292.0	164.0		
127	5551	65231.0	171.0		20.0
172	7790	70582.0	185.0		65.0
140	6059	66537.0	187.0		
104	4594	65975.0	178.0		
82	3630	64868.0	175.0		
78	3300	64342.0	174.0		
162	7216	66954.0	177.0	42.0	
78	3300	64324.0	175.0		
173	7628	69095.0	185.0		
90	1550				
49	2330	64923.0	177.0		
85	3750	63363.0	161.0		
74	3280	63090.0	173.0	89.0	
22	1090	63127.0	165.0		
26	1465	64850.0			
159	6250	65013.0	167.0		27.0
135	5630	65449.0	169.0		
154	6893	66628.0	174.0		
119	5247	67353.0	181.0		
128	5284	65938.0	180.0		
101	4610		173.0	37.0	480.0
76	3080	62274.0	170.0		300.0
167	7287	65848.0	149.0		
128	5691	65721.0	178.0		
111	5365	66773.0	170.0		
79	3550	65902.0	180.0		
118	5310		166.0		
166	7206	68877.0	184.0		
139	6130		184.0	56.0	760.0
53	2410	62691.0	178.0		
50	2030				
100	6720				
51	2310	62474.0	175.0		
55	2570	64324.0	185.0		
112	4710	64941.0	177.0		
96	4200	64959.0	176.0	102.0	
41	1800		161.0	8.0	100.0
50	2320	62274.0	173.0		
31	1370		154.0	26.0	340.0
101	4150	64215.0	181.0		
78	3369	64288.0	177.0		
141	6290	67136.0	182.0		
145	6140	65848.0	173.0		19.0
113	4810	64505.0	176.0		
137	6127	67045.0	181.0		
93	3832	62800.0	173.0		23.0
135	5850	67081.0	170.0		
107	4794	64687.0	166.0		
207	9280		179.0	65.0	850.0
62	2836	64251.0	178.0		
78	3530	64596.0	186.0		
152	6750	68133.0	184.0		
138	5840	64469.0	144.0	60.0	
55	2290		170.0	24.0	310.0
130	5640	66628.0	179.0		
59	2530	62818.0	168.0		
77	3670	67099.0	185.0		
112	4857	64306.0	175.0	35.0	
135	6410	68823.0	174.0		
103	4660	66755.0	181.0		
99	4412	65630.0	176.0		
102	4335	65503.0	183.0		
166	7238	68097.0	174.0		
121	5419	65757.0	177.0		
32	1460		160.0	35.0	460.0
175	6990	66555.0	171.0		
126	5220	66047.0	179.0		
81	3442	63435.0	171.0		
147	6240		179.0	45.0	580.0
107	4580	64759.0	163.0		
166	7646	69240.0	189.0	108.0	
75	3070	64215.0	179.0		
54	2360	62619.0	170.0		
160	6975	68532.0	182.0	115.0	
80	3633	64342.0	169.0		
27	1480	62437.0	160.0		
100	4260		171.0	55.0	720.0
86	3570	63381.0	175.0	69.0	
79	3510		160.0	31.0	400.0
60	2544	61440.0	150.0		
